-0.52,0.83
-0.47,1.87
-0.42,3.18
-0.37,4.7
-0.32,6.42
-0.27,8.31
-0.22,10.37
-0.17,12.58
-0.12,14.93
-0.07,17.42
-0.02,20.03
0.03,22.77
0.08,25.63
0.13,28.6
0.18,31.69
0.23,34.88
0.28,38.18
0.33,41.57
0.38,45.07
0.43,48.66
0.48,52.34
0.53,56.12
0.58,59.99
0.63,63.94
0.68,67.99
0.73,72.11
0.78,76.32
0.83,80.61
0.88,84.98
0.93,89.43
0.98,93.96
1.03,98.57
1.08,103.25
1.13,108.0
1.18,112.83
1.23,117.73
1.28,122.7
1.33,127.74
1.38,132.86
1.43,138.04
1.48,143.29
1.53,148.6
1.58,153.98
1.63,159.43
1.68,164.95
1.73,170.52
1.78,176.17
1.83,181.87
1.88,187.64
1.93,193.47
1.98,199.36
2.03,205.31
2.08,211.32
2.13,217.39
2.18,223.52
2.23,229.71
2.28,235.95
2.33,242.26
2.38,248.62
2.43,255.03
2.48,261.51
2.53,268.04
2.58,274.62
2.63,281.26
2.68,287.96
2.73,294.71
2.78,301.51
2.83,308.36
2.88,315.27
2.93,322.23
2.98,329.25
3.03,336.31
3.08,343.43
3.13,350.6
3.18,357.82
3.23,365.09
3.28,372.41
3.33,379.78
3.38,387.2
3.43,394.67
3.48,402.19
3.53,409.76
3.58,417.37
3.63,425.04
3.68,432.75
3.73,440.51
3.78,448.32
3.83,456.17
3.88,464.07
3.93,472.02
3.98,480.02
4.03,488.06
4.08,496.14
4.13,504.28
4.18,512.46
4.23,520.68
4.28,528.95
4.33,537.26
4.38,545.62
4.43,554.02
4.48,562.47
4.53,570.96
4.58,579.5
4.63,588.07
4.68,596.7
4.73,605.36
4.78,614.07
4.83,622.82
4.88,631.61
4.93,640.45
4.98,649.33
5.03,658.25
5.08,667.21
5.13,676.21
5.18,685.26
5.23,694.35
5.28,703.48
5.33,712.64
5.38,721.85
5.43,731.11
5.48,740.4
5.53,749.73
5.58,759.1
5.63,768.51
5.68,777.97
5.73,787.46
5.78,796.99
5.83,806.56
5.88,816.17
5.93,825.82
5.98,835.51
6.03,845.24
6.08,855.0
6.13,864.81
6.18,874.65
6.23,884.54
6.28,894.46
6.33,904.41
6.38,914.41
6.43,924.45
6.48,934.52
6.53,944.63
6.58,954.78
6.63,964.96
6.68,975.18
6.73,985.44
6.78,995.74
6.83,1006.07
6.88,1016.44
6.93,1026.85
6.98,1037.29
7.03,1047.77
7.08,1058.28
7.13,1068.83
7.18,1079.42
7.23,1090.05
7.28,1100.71
7.33,1111.4
7.38,1122.13
7.43,1132.9
7.48,1143.7
7.53,1154.54
7.58,1165.41
7.63,1176.32
7.68,1187.26
7.73,1198.24
7.78,1209.25
7.83,1220.3
7.88,1231.38
7.93,1242.49
7.98,1253.65
8.03,1264.83
8.08,1276.05
8.13,1287.3
8.18,1298.59
8.23,1309.91
8.28,1321.27
8.33,1332.66
8.38,1344.08
8.43,1355.54
8.48,1367.03
8.53,1378.55
8.58,1390.11
8.63,1401.7
8.68,1413.32
8.73,1424.97
8.78,1436.66
8.83,1448.39
8.88,1460.14
8.93,1471.93
8.98,1483.75
9.03,1495.6
9.08,1507.49
9.13,1519.41
9.18,1531.36
9.23,1543.34
9.28,1555.35
9.33,1567.4
9.35,1571.41
9.37,1575.99
9.38,1580.57
9.4,1585.15
9.42,1589.73
9.44,1594.3
9.46,1598.88
9.48,1603.46
9.5,1608.04
9.52,1612.62
9.54,1617.2
9.55,1621.77
9.57,1626.35
9.59,1630.93
9.61,1635.51
9.63,1640.09
9.65,1644.67
9.67,1649.24
9.68,1653.82
9.7,1658.4
9.72,1662.98
9.74,1667.56
9.76,1672.14
9.78,1676.71
9.8,1681.29
9.81,1685.87
9.83,1690.45
9.85,1695.03
9.87,1699.61
9.89,1704.18
9.91,1708.76
9.93,1713.34
9.94,1717.92
9.96,1722.5
9.98,1727.08
10.0,1731.65
10.02,1736.23
10.04,1740.81
10.05,1745.39
10.07,1749.97
10.09,1754.55
10.11,1759.12
10.13,1763.7
10.15,1768.28
10.16,1772.86
10.18,1777.44
10.2,1782.02
10.22,1786.59
10.24,1791.17
10.25,1795.75
10.27,1800.33
10.29,1804.91
10.31,1809.49
10.33,1814.06
10.34,1818.64
10.38,1824.950096
10.4,1829.924411
10.42,1834.901899
10.44,1839.882545
10.46,1844.866335
10.48,1849.853254
10.5,1854.843287
10.52,1859.836418
10.54,1864.832633
10.56,1869.831918
10.58,1874.834257
10.6,1879.839635
10.62,1884.848038
10.64,1889.859451
10.66,1894.873858
10.68,1899.891246
10.7,1904.911598
10.72,1909.934901
10.74,1914.961139
10.76,1919.990297
10.78,1925.022361
10.8,1930.057316
10.82,1935.095147
10.84,1940.135838
10.86,1945.179376
10.88,1950.225745
10.9,1955.27493
10.92,1960.326917
10.94,1965.38169
10.96,1970.439236
10.98,1975.499538
11.0,1980.562582
11.02,1985.628353
11.04,1990.696837
11.06,1995.768018
11.08,2000.841881
11.1,2005.918413
11.12,2010.997597
11.14,2016.079418
11.16,2021.163863
11.18,2026.250917
11.2,2031.340563
11.22,2036.432788
11.24,2041.527577
11.26,2046.624914
11.28,2051.724785
11.3,2056.827175
11.32,2061.932069
11.34,2067.039452
11.36,2072.14931
11.38,2077.261627
11.4,2082.376389
11.42,2087.493581
11.44,2092.613187
11.46,2097.735194
11.48,2102.859585
11.5,2107.986347
11.52,2113.115464
11.54,2118.246922
11.56,2123.380706
11.58,2128.5168
11.6,2133.65519
11.62,2138.795861
11.64,2143.938799
11.66,2149.083987
11.68,2154.231412
11.7,2159.381059
11.72,2164.532912
11.74,2169.686957
11.76,2174.84318
11.78,2180.001564
11.8,2185.162095
11.82,2190.324759
11.84,2195.48954
11.86,2200.656424
11.88,2205.825395
11.9,2210.99644
11.92,2216.169542
11.94,2221.344688
11.96,2226.521862
11.98,2231.701049
12.0,2236.882234
12.02,2242.065404
12.04,2247.250542
12.06,2252.437634
12.08,2257.626665
12.1,2262.81762
12.12,2268.010484
12.14,2273.205243
12.16,2278.401881
12.18,2283.600385
12.2,2288.800737
12.22,2294.002925
12.24,2299.206933
12.26,2304.412746
12.28,2309.62035
12.3,2314.829728
12.32,2320.040868
12.34,2325.253753
12.36,2330.468369
12.38,2335.684701
12.4,2340.902734
12.42,2346.122453
12.44,2351.343844
12.46,2356.566891
12.48,2361.79158
12.5,2367.017895
12.52,2372.245823
12.54,2377.475347
12.56,2382.706454
12.58,2387.939128
12.6,2393.173354
12.62,2398.409118
12.64,2403.646404
12.66,2408.885198
12.68,2414.125485
12.7,2419.36725
12.72,2424.610479
12.74,2429.855155
12.76,2435.101266
12.78,2440.348794
12.8,2445.597727
12.82,2450.848048
12.84,2456.099743
12.86,2461.352797
12.88,2466.607196
12.9,2471.862923
12.92,2477.119966
12.94,2482.378308
12.96,2487.637934
12.98,2492.898831
13.0,2498.160982
13.02,2503.424374
13.04,2508.688991
13.06,2513.954818
13.08,2519.221841
13.1,2524.490044
13.12,2529.759413
13.14,2535.029933
13.16,2540.301589
13.18,2545.574367
13.2,2550.84825
13.22,2556.123225
13.24,2561.399277
13.26,2566.67639
13.28,2571.95455
13.3,2577.233742
13.32,2582.513951
13.34,2587.795162
13.36,2593.077361
13.38,2598.360532
13.4,2603.64466
13.42,2608.929732
13.44,2614.215731
13.46,2619.502643
13.48,2624.790453
13.5,2630.079147
13.52,2635.368709
13.54,2640.659124
13.56,2645.950378
13.58,2651.242456
13.6,2656.535342
13.62,2661.829023
13.64,2667.123483
13.66,2672.418707
13.68,2677.71468
13.7,2683.011388
13.72,2688.308816
13.74,2693.606948
13.76,2698.905771
13.78,2704.205268
13.8,2709.505426
13.82,2714.806229
13.84,2720.107662
13.86,2725.409711
13.88,2730.712361
13.9,2736.015596
13.92,2741.319403
13.94,2746.623765
13.96,2751.928669
13.98,2757.234099
14.0,2762.540041
14.02,2767.846479
14.04,2773.153399
14.06,2778.460786
14.08,2783.768625
14.1,2789.076901
14.12,2794.385599
14.14,2799.694705
14.16,2805.004203
14.18,2810.314078
14.2,2815.624317
14.22,2820.934903
14.24,2826.245823
14.26,2831.557061
14.28,2836.868602
14.3,2842.180431
14.32,2847.492534
14.34,2852.804895
14.36,2858.117501
14.38,2863.430335
14.4,2868.743384
14.42,2874.056631
14.44,2879.370063
14.46,2884.683665
14.48,2889.997421
14.5,2895.311317
14.52,2900.625337
14.54,2905.939468
14.56,2911.253694
14.58,2916.568
14.6,2921.882371
14.62,2927.196793
14.64,2932.511251
14.66,2937.825729
14.68,2943.140213
14.7,2948.454688
14.72,2953.769139
14.74,2959.083552
14.76,2964.397911
14.78,2969.712202
14.8,2975.026409
14.82,2980.340518
14.84,2985.654514
14.86,2990.968382
14.88,2996.282107
14.9,3001.595674
14.92,3006.909069
14.94,3012.222277
14.96,3017.535282
14.98,3022.84807
15.0,3028.160626
15.02,3033.472935
15.04,3038.784983
15.06,3044.096754
15.08,3049.408233
15.1,3054.719406
15.12,3060.030257
15.14,3065.340773
15.16,3070.650937
15.18,3075.960736
15.2,3081.270154
15.22,3086.579176
15.24,3091.887788
15.26,3097.195974
15.28,3102.50372
15.3,3107.811011
15.32,3113.117833
15.34,3118.424169
15.36,3123.730006
15.38,3129.035328
15.4,3134.34012
15.42,3139.644369
15.44,3144.948058
15.46,3150.251173
15.48,3155.553699
15.5,3160.855621
15.52,3166.156925
15.54,3171.457595
15.56,3176.757617
15.58,3182.056976
15.6,3187.355656
15.62,3192.653643
15.64,3197.950923
15.66,3203.24748
15.68,3208.543299
15.7,3213.838365
15.72,3219.132665
15.74,3224.426182
15.76,3229.718902
15.78,3235.01081
15.8,3240.301891
15.82,3245.59213
15.84,3250.881513
15.86,3256.170024
15.88,3261.457649
15.9,3266.744373
15.92,3272.030181
15.94,3277.315058
15.96,3282.598989
15.98,3287.881959
16.0,3293.163954
16.02,3298.444958
16.04,3303.724958
16.06,3309.003937
16.08,3314.28188
16.1,3319.558775
16.12,3324.834604
16.14,3330.109353
16.16,3335.383008
16.18,3340.655554
16.2,3345.926976
16.22,3351.197258
16.24,3356.466386
16.26,3361.734346
16.28,3367.001122
16.3,3372.266699
16.32,3377.531063
16.34,3382.794198
16.36,3388.05609
16.38,3393.316724
16.4,3398.576085
16.42,3403.834159
16.44,3409.090929
16.46,3414.346382
16.48,3419.600503
16.5,3424.853276
16.52,3430.104687
16.54,3435.354721
16.56,3440.603364
16.58,3445.850599
16.6,3451.096413
16.62,3456.34079
16.64,3461.583716
16.66,3466.825175
16.68,3472.065154
16.7,3477.303636
16.72,3482.540608
16.74,3487.776054
16.76,3493.009959
16.78,3498.242308
16.8,3503.473088
16.82,3508.702282
16.84,3513.929876
16.86,3519.155855
16.88,3524.380204
16.9,3529.602909
16.92,3534.823953
16.94,3540.043324
16.96,3545.261005
16.98,3550.476982
17.0,3555.69124
17.02,3560.903764
17.04,3566.114539
17.06,3571.32355
17.08,3576.530783
17.1,3581.736223
17.12,3586.939854
17.14,3592.141662
17.16,3597.341632
17.18,3602.53975
17.2,3607.735999
17.22,3612.930366
17.24,3618.122835
17.26,3623.313392
17.28,3628.502022
17.3,3633.688709
17.32,3638.87344
17.34,3644.056198
17.36,3649.23697
17.38,3654.415741
17.4,3659.592495
17.42,3664.767217
17.44,3669.939894
17.46,3675.110509
17.48,3680.279048
17.5,3685.445497
17.52,3690.60984
17.54,3695.772062
17.56,3700.932149
17.58,3706.090085
17.6,3711.245857
17.62,3716.399448
17.64,3721.550845
17.66,3726.700031
17.68,3731.846993
17.7,3736.991716
17.72,3742.134184
17.74,3747.274383
17.76,3752.412298
17.78,3757.547913
17.8,3762.681215
17.82,3767.812188
17.84,3772.940818
17.86,3778.067089
17.88,3783.190986
17.9,3788.312496
17.92,3793.431602
17.94,3798.548291
17.96,3803.662546
17.98,3808.774354
18.0,3813.883699
18.02,3818.990567
18.04,3824.094943
18.06,3829.196811
18.08,3834.296157
18.1,3839.392967
18.12,3844.487224
18.14,3849.578915
18.16,3854.668024
18.18,3859.754537
18.2,3864.838439
18.22,3869.919714
18.24,3874.998349
18.26,3880.074328
18.28,3885.147635
18.3,3890.218258
18.32,3895.286179
18.34,3900.351386
18.36,3905.413862
18.38,3910.473593
18.4,3915.530564
18.42,3920.58476
18.44,3925.636167
18.46,3930.684768
18.48,3935.730551
18.5,3940.773499
18.52,3945.813598
18.54,3950.850833
18.56,3955.885189
18.58,3960.916651
18.6,3965.945204
18.62,3970.970834
18.64,3975.993525
18.66,3981.013263
18.68,3986.030033
18.7,3991.04382
18.72,3996.054609
18.74,4001.062385
18.76,4006.067134
18.78,4011.06884
18.8,4016.067489
18.82,4021.063065
18.84,4026.055554
18.86,4031.044942
18.88,4036.031212
18.9,4041.014351
18.92,4045.994343
18.94,4050.971174
18.96,4055.944828
18.98,4060.915291
19.0,4065.882548
19.02,4070.846584
19.04,4075.807384
19.06,4080.764934
19.08,4085.719218
19.1,4090.670221
19.12,4095.617929
19.14,4100.562327
19.16,4105.5034
19.18,4110.441133
19.2,4115.375511
19.22,4120.30652
19.24,4125.234144
19.26,4130.158369
19.28,4135.079179
19.3,4139.99656
19.32,4144.910497
19.34,4149.820976
19.36,4154.72798
19.38,4159.631496
19.4,4164.531509
19.42,4169.428003
19.44,4174.320964
19.46,4179.210376
19.48,4184.096226
19.5,4188.978498
19.52,4193.857177
19.54,4198.732249
19.56,4203.603698
19.58,4208.47151
19.6,4213.33567
19.62,4218.196162
19.64,4223.052973
19.66,4227.906087
19.68,4232.755489
19.7,4237.601165
19.72,4242.443099
19.74,4247.281277
19.76,4252.115684
19.78,4256.946304
19.8,4261.773124
19.82,4266.596128
19.84,4271.415302
19.86,4276.23063
19.88,4281.042097
19.9,4285.849689
19.92,4290.653392
19.94,4295.453189
19.96,4300.249066
19.98,4305.041009
20.0,4309.829002
20.02,4560.349334
20.04,4566.945613
20.06,4573.545021
20.08,4580.147557
20.1,4586.753219
20.12,4593.362006
20.14,4599.973916
20.16,4606.588948
20.18,4613.2071
20.2,4619.82837
20.22,4626.452757
20.24,4633.08026
20.26,4639.710876
20.28,4646.344605
20.3,4652.981444
20.32,4659.621393
20.34,4666.26445
20.36,4672.910613
20.38,4679.559881
20.4,4686.212252
20.42,4692.867725
20.44,4699.526298
20.46,4706.187969
20.48,4712.852738
20.5,4719.520603
20.52,4726.191562
20.54,4732.865613
20.56,4739.542756
20.58,4746.222988
20.6,4752.906308
20.62,4759.592716
20.64,4766.282208
20.66,4772.974784
20.68,4779.670443
20.7,4786.369182
20.72,4793.071001
20.74,4799.775897
20.76,4806.483869
20.78,4813.194917
20.8,4819.909038
20.82,4826.626231
20.84,4833.346494
20.86,4840.069826
20.88,4846.796226
20.9,4853.525691
20.92,4860.258222
20.94,4866.993815
20.96,4873.73247
20.98,4880.474185
21.0,4887.21896
21.02,4893.966791
21.04,4900.717678
21.06,4907.47162
21.08,4914.228615
21.1,4920.988661
21.12,4927.751757
21.14,4934.517902
21.16,4941.287094
21.18,4948.059332
21.2,4954.834614
21.22,4961.612939
21.24,4968.394306
21.26,4975.178713
21.28,4981.966158
21.3,4988.756641
21.32,4995.550159
21.34,5002.346712
21.36,5009.146298
21.38,5015.948915
21.4,5022.754563
21.42,5029.563239
21.44,5036.374942
21.46,5043.189672
21.48,5050.007426
21.5,5056.828203
21.52,5063.652002
21.54,5070.478821
21.56,5077.308658
21.58,5084.141514
21.6,5090.977386
21.62,5097.816272
21.64,5104.658171
21.66,5111.503083
21.68,5118.351005
21.7,5125.201937
21.72,5132.055876
21.74,5138.912821
21.76,5145.772772
21.78,5152.635726
21.8,5159.501683
21.82,5166.37064
21.84,5173.242597
21.86,5180.117552
21.88,5186.995504
21.9,5193.876452
21.92,5200.760393
21.94,5207.647328
21.96,5214.537253
21.98,5221.430169
22.0,5228.326073
22.02,5235.224965
22.04,5242.126842
22.06,5249.031704
22.08,5255.93955
22.1,5262.850377
22.12,5269.764185
22.14,5276.680972
22.16,5283.600737
22.18,5290.523478
22.2,5297.449194
22.22,5304.377885
22.24,5311.309548
22.26,5318.244182
22.28,5325.181786
22.3,5332.122358
22.32,5339.065898
22.34,5346.012404
22.36,5352.961874
22.38,5359.914307
22.4,5366.869702
22.42,5373.828058
22.44,5380.789373
22.46,5387.753646
22.48,5394.720876
22.5,5401.691061
22.52,5408.6642
22.54,5415.640292
22.56,5422.619335
22.58,5429.601328
22.6,5436.58627
22.62,5443.574159
22.64,5450.564995
22.66,5457.558776
22.68,5464.5555
22.7,5471.555166
22.72,5478.557774
22.74,5485.563321
22.76,5492.571807
22.78,5499.58323
22.8,5506.597588
22.82,5513.614881
22.84,5520.635108
22.86,5527.658266
22.88,5534.684356
22.9,5541.713374
22.92,5548.745321
22.94,5555.780195
22.96,5562.817994
22.98,5569.858718
23.0,5576.902365
23.02,5583.948933
23.04,5590.998422
23.06,5598.050831
23.08,5605.106157
23.1,5612.1644
23.12,5619.225559
23.14,5626.289632
23.16,5633.356618
23.18,5640.426515
23.2,5647.499324
23.22,5654.575041
23.24,5661.653666
23.26,5668.735198
23.28,5675.819636
23.3,5682.906977
23.32,5689.997222
23.34,5697.090368
23.36,5704.186415
23.38,5711.285361
23.4,5718.387206
23.42,5725.491947
23.44,5732.599583
23.46,5739.710114
23.48,5746.823538
23.5,5753.939853
23.52,5761.05906
23.54,5768.181156
23.56,5775.30614
23.58,5782.43401
23.6,5789.564767
23.62,5796.698408
23.64,5803.834933
23.66,5810.974339
23.68,5818.116626
23.7,5825.261793
23.72,5832.409839
23.74,5839.560761
23.76,5846.71456
23.78,5853.871233
23.8,5861.03078
23.82,5868.193199
23.84,5875.35849
23.86,5882.52665
23.88,5889.69768
23.9,5896.871576
23.92,5904.04834
23.94,5911.227968
23.96,5918.41046
23.98,5925.595815
24.0,5932.784032
24.02,5939.975109
24.04,5947.169045
24.06,5954.36584
24.08,5961.565491
24.1,5968.767998
24.12,5975.973359
24.14,5983.181573
24.16,5990.39264
24.18,5997.606558
24.2,6004.823325
24.22,6012.042941
24.24,6019.265404
24.26,6026.490714
24.28,6033.718868
24.3,6040.949867
24.32,6048.183708
24.34,6055.42039
24.36,6062.659913
24.38,6069.902276
24.4,6077.147476
24.42,6084.395513
24.44,6091.646386
24.46,6098.900093
24.48,6106.156634
24.5,6113.416007
24.52,6120.678211
24.54,6127.943246
24.56,6135.211108
24.58,6142.481799
24.6,6149.755316
24.62,6157.031658
24.64,6164.310825
24.66,6171.592814
24.68,6178.877626
24.7,6186.165258
24.72,6193.45571
24.74,6200.74898
24.76,6208.045068
24.78,6215.343972
24.8,6222.645691
24.82,6229.950223
24.84,6237.257569
24.86,6244.567726
24.88,6251.880694
24.9,6259.196471
24.92,6266.515057
24.94,6273.836449
24.96,6281.160648
24.98,6288.487651
25.0,6295.817459
25.02,6303.150069
25.04,6310.48548
25.06,6317.823692
25.08,6325.164703
25.1,6332.508513
25.12,6339.855119
25.14,6347.204521
25.16,6354.556719
25.18,6361.91171
25.2,6369.269493
25.22,6376.630068
25.24,6383.993434
25.26,6391.359589
25.28,6398.728531
25.3,6406.100262
25.32,6413.474778
25.34,6420.852079
25.36,6428.232163
25.38,6435.615031
25.4,6443.00068
25.42,6450.389109
25.44,6457.780318
25.46,6465.174305
25.48,6472.57107
25.5,6479.97061
25.52,6487.372926
25.54,6494.778015
25.56,6502.185878
25.58,6509.596512
25.6,6517.009917
25.62,6524.426091
25.64,6531.845035
25.66,6539.266745
25.68,6546.691222
25.7,6554.118464
25.72,6561.54847
25.74,6568.98124
25.76,6576.416772
25.78,6583.855064
25.8,6591.296117
25.82,6598.739928
25.84,6606.186497
25.86,6613.635823
25.88,6621.087905
25.9,6628.542741
25.92,6636.00033
25.94,6643.460673
25.96,6650.923766
25.98,6658.38961
26.0,6665.858203
26.02,6673.329544
26.04,6680.803633
26.06,6688.280467
26.08,6695.760047
26.1,6703.242371
26.12,6710.727437
26.14,6718.215246
26.16,6725.705795
26.18,6733.199084
26.2,6740.695112
26.22,6748.193878
26.24,6755.69538
26.26,6763.199618
26.28,6770.70659
26.3,6778.216296
26.32,6785.728735
26.34,6793.243905
26.36,6800.761805
26.38,6808.282435
26.4,6815.805793
26.42,6823.331878
26.44,6830.86069
26.46,6838.392226
26.48,6845.926487
26.5,6853.463472
26.52,6861.003178
26.54,6868.545605
26.56,6876.090753
26.58,6883.63862
26.6,6891.189204
26.62,6898.742506
26.64,6906.298524
26.66,6913.857257
26.68,6921.418703
26.7,6928.982863
26.72,6936.549734
26.74,6944.119317
26.76,6951.691609
26.78,6959.26661
26.8,6966.844319
26.82,6974.424735
26.84,6982.007857
26.86,6989.593684
26.88,6997.182214
26.9,7004.773447
26.92,7012.367383
26.94,7019.964018
26.96,7027.563354
26.98,7035.165389
27.0,7042.770121
27.02,7050.37755
27.04,7057.987675
27.06,7065.600494
27.08,7073.216008
27.1,7080.834214
27.12,7088.455112
27.14,7096.078701
27.16,7103.70498
27.18,7111.333947
27.2,7118.965603
27.22,7126.599945
27.24,7134.236973
27.26,7141.876686
27.28,7149.519083
27.3,7157.164163
27.32,7164.811924
27.34,7172.462367
27.36,7180.11549
27.38,7187.771291
27.4,7195.429771
27.42,7203.090927
27.44,7210.75476
27.46,7218.421268
27.48,7226.090449
27.5,7233.762304
27.52,7241.436831
27.54,7249.114029
27.56,7256.793897
27.58,7264.476435
27.6,7272.161641
27.62,7279.849514
27.64,7287.540053
27.66,7295.233258
27.68,7302.929127
27.7,7310.627659
27.72,7318.328854
27.74,7326.032711
27.76,7333.739228
27.78,7341.448404
27.8,7349.160239
27.82,7356.874732
27.84,7364.591881
27.86,7372.311687
27.88,7380.034146
27.9,7387.75926
27.92,7395.487027
27.94,7403.217445
27.96,7410.950515
27.98,7418.686235
28.0,7426.424603
28.02,7434.16562
28.04,7441.909284
28.06,7449.655594
28.08,7457.404549
28.1,7465.156149
28.12,7472.910392
28.14,7480.667278
28.16,7488.426805
28.18,7496.188973
28.2,7503.95378
28.22,7511.721226
28.24,7519.49131
28.26,7527.26403
28.28,7535.039387
28.3,7542.817378
28.32,7550.598004
28.34,7558.381262
28.36,7566.167153
28.38,7573.955675
28.4,7581.746827
28.42,7589.540609
28.44,7597.337019
28.46,7605.136056
28.48,7612.93772
28.5,7620.74201
28.52,7628.548924
28.54,7636.358463
28.56,7644.170624
28.58,7651.985407
28.6,7659.802811
28.62,7667.622835
28.64,7675.445479
28.66,7683.270741
28.68,7691.09862
28.7,7698.929116
28.72,7706.762227
28.74,7714.597953
28.76,7722.436292
28.78,7730.277245
28.8,7738.120809
28.82,7745.966984
28.84,7753.81577
28.86,7761.667164
28.88,7769.521167
28.9,7777.377777
28.92,7785.236994
28.94,7793.098816
28.96,7800.963243
28.98,7808.830274
29.0,7816.699907
29.02,7824.572143
29.04,7832.446979
29.06,7840.324416
29.08,7848.204452
29.1,7856.087086
29.12,7863.972318
29.14,7871.860146
29.16,7879.75057
29.18,7887.643589
29.2,7895.539201
29.22,7903.437407
29.24,7911.338205
29.26,7919.241594
29.28,7927.147573
29.3,7935.056142
29.32,7942.967299
29.34,7950.881044
29.36,7958.797376
29.38,7966.716294
29.4,7974.637796
29.42,7982.561883
29.44,7990.488553
29.46,7998.417806
29.48,8006.34964
29.5,8014.284054
29.52,8022.221049
29.54,8030.160622
29.56,8038.102773
29.58,8046.047501
29.6,8053.994806
29.62,8061.944686
29.64,8069.89714
29.66,8077.852168
29.68,8085.809769
29.7,8093.769941
29.72,8101.732685
29.74,8109.697999
29.76,8117.665882
29.78,8125.636333
29.8,8133.609353
29.82,8141.584938
29.84,8149.56309
29.86,8157.543806
29.88,8165.527087
29.9,8173.512931
29.92,8181.501337
29.94,8189.492305
29.96,8197.485833
29.98,8205.481921
30.0,8213.480568
30.02,8221.481773
30.04,8229.485536
30.06,8237.491855
30.08,8245.500729
30.1,8253.512158
30.12,8261.526141
30.14,8269.542676
30.16,8277.561764
30.18,8285.583403
30.2,8293.607593
30.22,8301.634332
30.24,8309.66362
30.26,8317.695456
30.28,8325.729838
30.3,8333.766767
30.32,8341.806242
30.34,8349.84826
30.36,8357.892823
30.38,8365.939928
30.4,8373.989575
30.42,8382.041764
30.44,8390.096492
30.46,8398.153761
30.48,8406.213567
30.5,8414.275912
30.52,8422.340793
30.54,8430.408211
30.56,8438.478164
30.58,8446.550651
30.6,8454.625672
30.62,8462.703226
30.64,8470.783312
30.66,8478.865929
30.68,8486.951076
30.7,8495.038752
30.72,8503.128958
30.74,8511.221691
30.76,8519.316951
30.78,8527.414737
30.8,8535.515049
30.82,8543.617885
30.84,8551.723245
30.86,8559.831127
30.88,8567.941532
30.9,8576.054458
30.92,8584.169905
30.94,8592.287871
30.96,8600.408355
30.98,8608.531358
31.0,8616.656878
31.02,8624.784914
31.04,8632.915466
31.06,8641.048533
31.08,8649.184113
31.1,8657.322206
31.12,8665.462812
31.14,8673.605929
31.16,8681.751557
31.18,8689.899695
31.2,8698.050341
31.22,8706.203496
31.24,8714.359158
31.26,8722.517327
31.28,8730.678002
31.3,8738.841182
31.32,8747.006866
31.34,8755.175053
31.36,8763.345743
31.38,8771.518935
31.4,8779.694627
31.42,8787.87282
31.44,8796.053512
31.46,8804.236703
31.48,8812.422392
31.5,8820.610577
31.52,8828.801259
31.54,8836.994436
31.56,8845.190108
31.58,8853.388274
31.6,8861.588932
31.62,8869.792083
31.64,8877.997726
31.66,8886.205859
31.68,8894.416481
31.7,8902.629593
31.72,8910.845193
31.74,8919.063281
31.76,8927.283855
31.78,8935.506916
31.8,8943.732461
31.82,8951.960491
31.84,8960.191004
31.86,8968.424
31.88,8976.659478
31.9,8984.897438
31.92,8993.137877
31.94,9001.380797
31.96,9009.626195
31.98,9017.874071
32.0,9026.124425
32.02,9034.377255
32.04,9042.632561
32.06,9050.890342
32.08,9059.150597
32.1,9067.413325
32.12,9075.678527
32.14,9083.9462
32.16,9092.216344
32.18,9100.488958
32.2,9108.764042
32.22,9117.041595
32.24,9125.321616
32.26,9133.604104
32.28,9141.889059
32.3,9150.176479
32.32,9158.466365
32.34,9166.758714
32.36,9175.053527
32.38,9183.350802
32.4,9191.65054
32.42,9199.952739
32.44,9208.257397
32.46,9216.564516
32.48,9224.874093
32.5,9233.186129
32.52,9241.500622
32.54,9249.817571
32.56,9258.136976
32.58,9266.458836
32.6,9274.783151
32.62,9283.109919
32.64,9291.43914
32.66,9299.770812
32.68,9308.104936
32.7,9316.441511
32.72,9324.780535
32.74,9333.122009
32.76,9341.46593
32.78,9349.812299
32.8,9358.161115
32.82,9366.512377
32.84,9374.866084
32.86,9383.222236
32.88,9391.580831
32.9,9399.941869
32.92,9408.30535
32.94,9416.671272
32.96,9425.039635
32.98,9433.410438
33.0,9441.78368
33.02,9450.159361
33.04,9458.537479
33.06,9466.918035
33.08,9475.301027
33.1,9483.686454
33.12,9492.074316
33.14,9500.464613
33.16,9508.857343
33.18,9517.252505
33.2,9525.650099
33.22,9534.050125
33.24,9542.45258
33.26,9550.857466
33.28,9559.26478
33.3,9567.674523
33.32,9576.086693
33.34,9584.50129
33.36,9592.918313
33.38,9601.337761
33.4,9609.759633
33.42,9618.18393
33.44,9626.61065
33.46,9635.039791
33.48,9643.471355
33.5,9651.90534
33.52,9660.341744
33.54,9668.780568
33.56,9677.221811
33.58,9685.665472
33.6,9694.11155
33.62,9702.560045
33.64,9711.010955
33.66,9719.464281
33.68,9727.920021
33.7,9736.378174
33.72,9744.838741
33.74,9753.30172
33.76,9761.76711
33.78,9770.234911
33.8,9778.705122
33.82,9787.177743
33.84,9795.652772
33.86,9804.130209
33.88,9812.610053
33.9,9821.092304
33.92,9829.576961
33.94,9838.064022
33.96,9846.553488
33.98,9855.045358
34.0,9863.539631
34.02,9872.036305
34.04,9880.535382
34.06,9889.036859
34.08,9897.540736
34.1,9906.047013
34.12,9914.555688
34.14,9923.066761
34.16,9931.580231
34.18,9940.096098
34.2,9948.614361
34.22,9957.135019
34.24,9965.658072
34.26,9974.183518
34.28,9982.711357
34.3,9991.241589
34.32,9999.774212
34.34,10008.309226
34.36,10016.84663
34.38,10025.386424
34.4,10033.928607
34.42,10042.473178
34.44,10051.020136
34.46,10059.569481
34.48,10068.121212
34.5,10076.675328
34.52,10085.231829
34.54,10093.790714
34.56,10102.351982
34.58,10110.915633
34.6,10119.481666
34.62,10128.05008
34.64,10136.620874
34.66,10145.194048
34.68,10153.769601
34.7,10162.347533
34.72,10170.927842
34.74,10179.510529
34.76,10188.095591
34.78,10196.68303
34.8,10205.272843
34.82,10213.865031
34.84,10222.459592
34.86,10231.056526
34.88,10239.655832
34.9,10248.25751
34.92,10256.861559
34.94,10265.467978
34.96,10274.076767
34.98,10282.687924
35.0,10291.301449
35.02,10299.917342
35.04,10308.535602
35.06,10317.156228
35.08,10325.779219
35.1,10334.404575
35.12,10343.032294
35.14,10351.662378
35.16,10360.294824
35.18,10368.929632
35.2,10377.566801
35.22,10386.206331
35.24,10394.848221
35.26,10403.492471
35.28,10412.139079
35.3,10420.788045
35.32,10429.439368
35.34,10438.093048
35.36,10446.749084
35.38,10455.407475
35.4,10464.068221
35.42,10472.731321
35.44,10481.396774
35.46,10490.064579
35.48,10498.734737
35.5,10507.407246
35.52,10516.082105
35.54,10524.759315
35.56,10533.438874
35.58,10542.120781
35.6,10550.805036
35.62,10559.491639
35.64,10568.180588
35.66,10576.871883
35.68,10585.565524
35.7,10594.261509
35.72,10602.959838
35.74,10611.660511
35.76,10620.363526
35.78,10629.068883
35.8,10637.776581
35.82,10646.486621
35.84,10655.199
35.86,10663.913718
35.88,10672.630776
35.9,10681.350171
35.92,10690.071904
35.94,10698.795973
35.96,10707.522379
35.98,10716.25112
36.0,10724.982195
36.02,10733.715605
36.04,10742.451349
36.06,10751.189425
36.08,10759.929833
36.1,10768.672573
36.12,10777.417644
36.14,10786.165045
36.16,10794.914775
36.18,10803.666835
36.2,10812.421223
36.22,10821.177938
36.24,10829.93698
36.26,10838.698349
36.28,10847.462043
36.3,10856.228063
36.32,10864.996407
36.34,10873.767074
36.36,10882.540065
36.38,10891.315378
36.4,10900.093013
36.42,10908.87297
36.44,10917.655246
36.46,10926.439843
36.48,10935.226759
36.5,10944.015993
36.52,10952.807546
36.54,10961.601416
36.56,10970.397602
36.58,10979.196105
36.6,10987.996923
36.62,10996.800056
36.64,11005.605503
36.66,11014.413263
36.68,11023.223337
36.7,11032.035722
36.72,11040.85042
36.74,11049.667428
36.76,11058.486746
36.78,11067.308375
36.8,11076.132312
36.82,11084.958558
36.84,11093.787112
36.86,11102.617972
36.88,11111.45114
36.9,11120.286613
36.92,11129.124392
36.94,11137.964475
36.96,11146.806862
36.98,11155.651553
37.0,11164.498547
37.02,11173.347842
37.04,11182.199439
37.06,11191.053338
37.08,11199.909536
37.1,11208.768034
37.12,11217.628831
37.14,11226.491927
37.16,11235.35732
37.18,11244.22501
37.2,11253.094997
37.22,11261.96728
37.24,11270.841858
37.26,11279.718731
37.28,11288.597898
37.3,11297.479358
37.32,11306.363112
37.34,11315.249157
37.36,11324.137494
37.38,11333.028122
37.4,11341.92104
37.42,11350.816248
37.44,11359.713745
37.46,11368.613531
37.48,11377.515604
37.5,11386.419965
37.52,11395.326612
37.54,11404.235546
37.56,11413.146765
37.58,11422.060268
37.6,11430.976056
37.62,11439.894128
37.64,11448.814482
37.66,11457.737119
37.68,11466.662037
37.7,11475.589237
37.72,11484.518717
37.74,11493.450477
37.76,11502.384517
37.78,11511.320835
37.8,11520.259431
37.82,11529.200305
37.84,11538.143455
37.86,11547.088882
37.88,11556.036585
37.9,11564.986563
37.92,11573.938815
37.94,11582.893341
37.96,11591.85014
37.98,11600.809212
38.0,11609.770556
38.02,11618.734171
38.04,11627.700057
38.06,11636.668214
38.08,11645.63864
38.1,11654.611335
38.12,11663.586299
38.14,11672.56353
38.16,11681.543029
38.18,11690.524794
38.2,11699.508826
38.22,11708.495122
38.24,11717.483684
38.26,11726.47451
38.28,11735.4676
38.3,11744.462952
38.32,11753.460567
38.34,11762.460444
38.36,11771.462583
38.38,11780.466982
38.4,11789.473641
38.42,11798.482559
38.44,11807.493737
38.46,11816.507172
38.48,11825.522866
38.5,11834.540817
38.52,11843.561024
38.54,11852.583487
38.56,11861.608205
38.58,11870.635179
38.6,11879.664406
38.62,11888.695887
38.64,11897.729621
38.66,11906.765607
38.68,11915.803846
38.7,11924.844335
38.72,11933.887075
38.74,11942.932066
38.76,11951.979305
38.78,11961.028794
38.8,11970.080531
38.82,11979.134516
38.84,11988.190747
38.86,11997.249226
38.88,12006.30995
38.9,12015.37292
38.92,12024.438134
38.94,12033.505593
38.96,12042.575296
38.98,12051.647241
39.0,12060.721429
39.02,12069.797859
39.04,12078.876531
39.06,12087.957443
39.08,12097.040595
39.1,12106.125987
39.12,12115.213618
39.14,12124.303487
39.16,12133.395594
39.18,12142.489939
39.2,12151.58652
39.22,12160.685337
39.24,12169.78639
39.26,12178.889678
39.28,12187.9952
39.3,12197.102957
39.32,12206.212946
39.34,12215.325168
39.36,12224.439623
39.38,12233.556309
39.4,12242.675225
39.42,12251.796373
39.44,12260.91975
39.46,12270.045356
39.48,12279.173191
39.5,12288.303255
39.52,12297.435545
39.54,12306.570063
39.56,12315.706808
39.58,12324.845778
39.6,12333.986973
39.62,12343.130393
39.64,12352.276038
39.66,12361.423906
39.68,12370.573997
39.7,12379.72631
39.72,12388.880845
39.74,12398.037602
39.76,12407.19658
39.78,12416.357777
39.8,12425.521195
39.82,12434.686831
39.84,12443.854686
39.86,12453.024759
39.88,12462.197049
39.9,12471.371557
39.92,12480.54828
39.94,12489.727219
39.96,12498.908374
39.98,12508.091743
40.0,12517.277326
