Datetime,P00005
202508240010,2.502787595712098
202508240020,2.5016957886676874
202508240030,2.5004916539050535
202508240040,2.4991758805513014
202508240050,2.497753751914242
202508240100,2.4962284839203672
202508240110,2.494601684532925
202508240120,2.492874272588055
202508240130,2.491047396630934
202508240140,2.4891228177641653
202508240150,2.487103215926493
202508240200,2.48499180704441
202508240210,2.482792649310873
202508240220,2.4805101071975497
202508240230,2.4781345679012348
202508240240,2.4756805555555554
202508240250,2.4731564814814817
202508240300,2.4705666666666666
202508240310,2.4679148919753087
202508240320,2.4652046296296297
202508240330,2.462438966049383
202508240340,2.459620447530864
202508240350,2.4567515432098768
202508240400,2.453834104938272
202508240410,2.450870138888889
202508240420,2.447861188271605
202508240430,2.4448090277777776
202508240440,2.441715200617284
202508240450,2.438581404320988
202508240500,2.4354092592592593
202508240510,2.4322006944444445
202508240520,2.428946177847114
202508240530,2.4256347113884558
202508240540,2.422292355694228
202508240550,2.4189214508580346
202508240600,2.4155241029641186
202508240610,2.4121026521060847
202508240620,2.4086594383775353
202508240630,2.405196723868955
202508240640,2.401716848673947
202508240650,2.3982219188767555
202508240700,2.394714274570983
202508240710,2.391195865834633
202508240720,2.38766872074883
202508240730,2.3841347113884552
202508240740,2.380595631825273
202508240750,2.3770299528301884
202508240800,2.373457704402516
202508240810,2.3698847484276726
202508240820,2.366312578616352
202508240830,2.362742216981132
202508240840,2.359174606918239
202508240850,2.3556106918238995
202508240900,2.352051179245283
202508240910,2.348496698113207
202508240920,2.344947720125786
202508240930,2.34140463836478
202508240940,2.337867767295598
202508240950,2.334337342767296
202508241000,2.3308134433962264
202508241010,2.3272747226624406
202508241020,2.3237361331220283
202508241030,2.3202040412044376
202508241040,2.316678367670365
202508241050,2.313158795562599
202508241100,2.309645087163233
202508241110,2.3061370839936606
202508241120,2.3026343106180667
202508241130,2.299136450079239
202508241140,2.2956431854199684
202508241150,2.292154041204437
202508241200,2.288668700475436
202508241210,2.28518676703645
202508241220,2.2817077654516638
202508241230,2.2782114583333333
202508241240,2.274698157051282
202508241250,2.2711866185897436
202508241300,2.2676764423076925
202508241310,2.2641672275641023
202508241320,2.260658653846154
202508241330,2.2571504006410255
202508241340,2.2536421474358974
202508241350,2.2501334935897432
202508241400,2.2466241987179485
202508241410,2.2431140224358974
202508241420,2.2396027243589742
202508241430,2.236089983974359
202508241440,2.232575801282051
202508241450,2.2290521809369954
202508241500,2.2255059773828756
202508241510,2.2219577544426494
202508241520,2.2184074313408724
202508241530,2.2148549273021
202508241540,2.211300323101777
202508241550,2.2077435379644585
202508241600,2.2041844911147015
202508241610,2.2006233441033927
202508241620,2.1970600969305334
202508241630,2.1934947495961232
202508241640,2.18992746365105
202508241650,2.1863583198707595
202508241700,2.182787479806139
202508241710,2.179207422512235
202508241720,2.1755986133768355
202508241730,2.1719884991843394
202508241740,2.168377324632953
202508241750,2.1647653344208813
202508241800,2.161152691680261
202508241810,2.1575395595432303
202508241820,2.1539262642740624
202508241830,2.1503130505709627
202508241840,2.1467000815660686
202508241850,2.1430877650897227
202508241900,2.139476182707994
202508241910,2.1358656606851554
202508241920,2.132256443719413
202508241930,2.1286355024711696
202508241940,2.124994069192751
202508241950,2.121354859967051
202508242000,2.117718039538715
202508242010,2.1140839373970346
202508242020,2.1104528830313014
202508242030,2.1068250411861613
202508242040,2.1032008237232294
202508242050,2.09958039538715
202508242100,2.095964085667216
202508242110,2.092352224052718
202508242120,2.088744975288303
202508242130,2.085142751235585
202508242140,2.081545799011532
202508242150,2.0779339434276207
202508242200,2.074312562396007
202508242210,2.070697254575707
202508242220,2.067088519134775
202508242230,2.063486439267887
202508242240,2.0598913477537435
202508242250,2.0563034941763725
202508242300,2.052722961730449
202508242310,2.049150166389351
202508242320,2.045585357737105
202508242330,2.042028702163061
202508242340,2.0384805324459236
202508242350,2.0349410149750415
202508250000,2.0314103993344426
202508250010,2.027867731092437
202508250020,2.024465294117647
202508250030,2.0212648739495798
202508250040,2.0182972268907564
202508250050,2.01558
202508250100,2.013126050420168
202508250110,2.0109443697478993
202508250120,2.0090392436974787
202508250130,2.007411512605042
202508250140,2.006059075630252
202508250150,2.0049778991596634
202508250200,2.0041631092436973
202508250210,2.003608655462185
202508250220,2.0033078991596636
202508250230,2.0032535294117646
202508250240,2.003437226890756
202508250250,2.0038496638655463
202508250300,2.004480588235294
202508250310,2.005318907563025
202508250320,2.0063530252100836
202508250330,2.0075709243697477
202508250340,2.0089607563025207
202508250350,2.0105114285714283
202508250400,2.012212857142857
202508250410,2.014056470588235
202508250420,2.01603537815126
202508250430,2.0181449579831927
202508250440,2.020382605042016
202508250450,2.0227474789915965
202508250500,2.025241008403361
202508250510,2.027865546218487
202508250520,2.03061846921797
202508250530,2.0334868552412644
202508250540,2.036495257903494
202508250550,2.039645673876872
202508250600,2.0429383527454243
202508250610,2.0463709650582365
202508250620,2.0499388519134776
202508250630,2.0536344425956736
202508250640,2.057447420965058
202508250650,2.0613653078202994
202508250700,2.0653739600665557
202508250710,2.0694580698835274
202508250720,2.0736020798668884
202508250730,2.077790848585691
202508250740,2.081990197693575
202508250750,2.0861854200988468
202508250800,2.0903878088962107
202508250810,2.0945889621087312
202508250820,2.098782866556837
202508250830,2.1029654859967053
202508250840,2.107135172981878
202508250850,2.111291845140033
202508250900,2.115437232289951
202508250910,2.119574217462932
202508250920,2.1237067545304775
202508250930,2.127839373970346
202508250940,2.1319579119086463
202508250950,2.1360657422512235
202508251000,2.1401894779771613
202508251010,2.1443345024469824
202508251020,2.1485059543230016
202508251030,2.1527089722675368
202508251040,2.1569484502446983
202508251050,2.1612291190864603
202508251100,2.1655557096247966
202508251110,2.1699325448613376
202508251120,2.174364192495922
202508251130,2.1788551386623167
202508251140,2.1833769789983846
202508251150,2.1879558158319874
202508251200,2.1926076736672053
202508251210,2.1973378836833604
202508251220,2.202152019386107
202508251230,2.20705605815832
202508251240,2.2120565428109855
202508251250,2.2171601777059777
202508251300,2.2223743134087237
202508251310,2.2277067851373182
202508251320,2.2331403846153846
202508251330,2.238689503205128
202508251340,2.24438141025641
202508251350,2.25022532051282
202508251400,2.2562307692307693
202508251410,2.2624071314102565
202508251420,2.268764342948718
202508251430,2.275312019230769
202508251440,2.2820369255150554
202508251450,2.2889169572107764
202508251500,2.2960132329635496
202508251510,2.303334310618067
202508251520,2.3108881933438985
202508251530,2.3186824881141046
202508251540,2.3267236925515054
202508251550,2.334978537735849
202508251600,2.3434634433962263
202508251610,2.3522084119496856
202508251620,2.3612163522012577
202508251630,2.3704893867924524
202508251640,2.3800281591263652
202508251650,2.389756708268331
202508251700,2.399748049921997
202508251710,2.4100002340093605
202508251720,2.420510140405616
202508251730,2.431260339506173
202508251740,2.4421547067901237
202508251750,2.4532905092592596
202508251800,2.4646618827160496
202508251810,2.4762623456790123
202508251820,2.4880232771822355
202508251830,2.499969065849923
202508251840,2.512120980091883
202508251850,2.5244715160796316
202508251900,2.5369597264437687
202508251910,2.5495878419452884
202508251920,2.562390273556231
202508251930,2.5753596504559266
202508251940,2.588411822289157
202508251950,2.601573042168675
202508252000,2.614878463855422
202508252010,2.628321310240964
202508252020,2.6417886567164177
202508252030,2.655364701492537
202508252040,2.6690585820895523
202508252050,2.6828434814814814
202508252100,2.6966534074074078
202508252110,2.710564222222222
202508252120,2.724571111111111
202508252130,2.7386055147058825
202508252140,2.7526861764705886
202508252150,2.7668486764705884
202508252200,2.781080875912408
202508252210,2.7952902919708027
202508252220,2.8095689781021895
202508252230,2.823913211678832
202508252240,2.838247178002894
202508252250,2.852586251808973
202508252300,2.86697988422576
202508252310,2.8814145114942527
202508252320,2.895803304597701
202508252330,2.910236566091954
202508252340,2.924711278735632
202508252350,2.9391455840455842
202508260000,2.9535698005698006
202508260010,2.9680264245014243
202508260020,2.982615580736544
202508260030,2.9972782577903683
202508260040,3.012078470254957
202508260050,3.0270141643059487
202508260100,3.041980898876404
202508260110,3.0570496488764047
202508260120,3.0722391853932587
202508260130,3.087489121338912
202508260140,3.102788912133891
202508260150,3.1181845885634587
202508260200,3.1336436288088643
202508260210,3.1491029085872575
202508260220,3.1646396814404434
202508260230,3.1802488995873457
202508260240,3.1958242778541956
202508260250,3.211470220082531
202508260300,3.227186244841816
202508260310,3.2428832650273223
202508260320,3.258629644808743
202508260330,3.274443579234972
202508260340,3.290253663500678
202508260350,3.3060898236092267
202508260400,3.3219879918588875
202508260410,3.3378926549865233
202508260420,3.353801617250674
202508260430,3.369767924528302
202508260440,3.3857526773761717
202508260450,3.4017265729585007
202508260500,3.4177598393574296
202508260510,3.433829454787234
202508260520,3.449882779255319
202508260530,3.4660055186170213
202508260540,3.482188110964333
202508260550,3.4983576618229857
202508260600,3.514612285336856
202508260610,3.53095308804205
202508260620,3.547309855453351
202508260630,3.563769973718791
202508260640,3.5803376792698827
202508260650,3.596895306388527
202508260700,3.613578031290743
202508260710,3.6303929312581062
202508260720,3.6472664721141372
202508260730,3.6642953307392996
202508260740,3.6814831185567014
202508260750,3.698751932989691
202508260800,3.716219587628866
202508260810,3.7338797695262484
202508260820,3.751685723431498
202508260830,3.7697468629961586
202508260840,3.788041656050955
202508260850,3.8065778343949046
202508260900,3.825425923566879
202508260910,3.8445113924050633
202508260920,3.863913417721519
202508260930,3.8836511949685533
202508260940,3.903655094339623
202508260950,3.9240336477987423
202508261000,3.9446985625000006
202508261010,3.9657055000000003
202508261020,3.987060323383085
202508261030,4.008733582089552
202508261040,4.030807363861387
202508261050,4.053204641089109
202508261100,4.076056435643565
202508261110,4.0992616707616705
202508261120,4.122972727272727
202508261130,4.147169743276283
202508261140,4.1719390586797065
202508261150,4.1972595498783445
202508261200,4.223197201946472
202508261210,4.249685550181379
202508261220,4.276809552599758
202508261230,4.304492960288808
202508261240,4.332811602870814
202508261250,4.361627631578948
202508261300,4.391023452380953
202508261310,4.420944761904762
202508261320,4.451333668639053
202508261330,4.4822425795053
202508261340,4.5135949941107185
202508261350,4.545434367681499
202508261400,4.577753629976581
202508261410,4.610535530921821
202508261420,4.643774333719582
202508261430,4.677419061413673
202508261440,4.711477713625866
202508261450,4.745934213547647
202508261500,4.7807524571428575
202508261510,4.815865028571428
202508261520,4.851309726962457
202508261530,4.887061142533937
202508261540,4.923042986425339
202508261550,4.959272747747748
202508261600,4.995762275784753
202508261610,5.0324878348214295
202508261620,5.0693790736607145
202508261630,5.106451333333333
202508261640,5.14367729281768
202508261650,5.181009460946095
202508261700,5.218362706270627
202508261710,5.255725520262869
202508261720,5.293074781659389
202508261730,5.330419381107492
202508261740,5.367678935939196
202508261750,5.404987095032397
202508261800,5.442451937567276
202508261810,5.480173204715971
202508261820,5.518124919614149
202508261830,5.55638916755603
202508261840,5.594971147715197
202508261850,5.633849471458774
202508261900,5.67292743128964
202508261910,5.712244046364594
202508261920,5.751738037775446
202508261930,5.791348119122257
202508261940,5.8310234131113425
202508261950,5.870678980228928
202508262000,5.910303834196891
202508262010,5.9498581527347785
202508262020,5.989300154162385
202508262030,6.028586690647482
202508262040,6.067700256147542
202508262050,6.106596687054027
202508262100,6.14529644308943
202508262110,6.1838068756319515
202508262120,6.222033872598585
202508262130,6.26005131048387
202508262140,6.297864120603015
202508262150,6.33545575
202508262200,6.37274325
202508262210,6.4097580179282865
202508262220,6.446532323733863
202508262230,6.483066765578635
202508262240,6.519301978239367
202508262250,6.555274137931035
202508262300,6.591011787819254
202508262310,6.62651326129666
202508262320,6.661716438356165
202508262330,6.696654483430799
202508262340,6.731314708737864
202508262350,6.765634514563106
202508270000,6.79968417231365
202508270010,6.833470925747347
202508270020,6.866668370298939
202508270030,6.899347118155619
202508270040,6.931539319923372
202508270050,6.963224042145595
202508270100,6.994441984732824
202508270110,7.02519766221374
202508270120,7.055495432921028
202508270130,7.08538644549763
202508270140,7.114822701421801
202508270150,7.143847780925402
202508270200,7.1724602927289896
202508270210,7.2006380997177795
202508270220,7.2284344778927565
202508270230,7.255806097560976
202508270240,7.282813610851262
202508270250,7.309405472404115
202508270300,7.335624510717614
202508270310,7.361404753028891
202508270320,7.386765413184771
202508270330,7.411575255338903
202508270340,7.43571787037037
202508270350,7.45896662037037
202508270400,7.481253551660518
202508270410,7.502538653136532
202508270420,7.523045202952031
202508270430,7.5429424103035885
202508270440,7.5624423183072675
202508270450,7.5817030705774515
202508270500,7.600742988084327
202508270510,7.619637809349221
202508270520,7.638328519195612
202508270530,7.6567460237659954
202508270540,7.674838619744058
202508270550,7.692470491803279
202508270600,7.709583151183971
202508270610,7.7261085154826965
202508270620,7.741930790190736
202508270630,7.756994732061762
202508270640,7.771207947320618
202508270650,7.784418009049774
202508270700,7.79647963800905
202508270710,7.807356063348416
202508270720,7.817077104072399
202508270730,7.825749095022625
202508270740,7.8335004512635384
202508270750,7.840456949458484
202508270800,7.846694584837546
202508270810,7.852162229241878
202508270820,7.856649684115523
202508270830,7.859902075812275
202508270840,7.861765027075813
202508270850,7.86223452166065
202508270900,7.861485108303249
202508270910,7.8597624999999995
202508270920,7.8572691335740075
202508270930,7.854065523465704
202508270940,7.850130054151625
202508270950,7.8454889891696755
202508271000,7.840289440433214
202508271010,7.8347680956678705
202508271020,7.829166787330317
202508271030,7.823671719457014
202508271040,7.818404796380091
202508271050,7.813396877828054
202508271100,7.808605746606335
202508271110,7.803942398190045
202508271120,7.799280226244344
202508271130,7.794456561085973
202508271140,7.789252262443439
202508271150,7.783430678733032
202508271200,7.7767880563124425
202508271210,7.769202361489556
202508271220,7.760633787465941
202508271230,7.751067029972752
202508271240,7.740540190735695
202508271250,7.7291558287796
202508271300,7.717006876138434
202508271310,7.7041932604735885
202508271320,7.690766712204008
202508271330,7.676786060329068
202508271340,7.6623237202925045
202508271350,7.647551142595979
202508271400,7.632607769652651
202508271410,7.617567598533456
202508271420,7.602516406966086
202508271430,7.587383134738771
202508271440,7.5718971481140755
202508271450,7.555751057957681
202508271500,7.538728564857406
202508271510,7.520658348708488
202508271520,7.5015911439114396
202508271530,7.481849169741698
202508271540,7.461845462962963
202508271550,7.442134490740741
202508271600,7.423106081708449
202508271610,7.405059006499535
202508271620,7.388196471680593
202508271630,7.3725058247903075
202508271640,7.357875116495806
202508271650,7.344177306616961
202508271700,7.331271062441751
202508271710,7.318979466791393
202508271720,7.3071492516370435
202508271730,7.295546772684752
202508271740,7.283817352666042
202508271750,7.271436116322702
202508271800,7.257869418386492
202508271810,7.2428194183864925
202508271820,7.2263424741298214
202508271830,7.208851646284101
202508271840,7.191015475070555
202508271850,7.173420018885741
202508271900,7.156469121813031
202508271910,7.140409584513693
202508271920,7.1252984834123225
202508271930,7.111120900473934
202508271940,7.097842748815166
202508271950,7.085315450236966
202508272000,7.0733438154138915
202508272010,7.061783634633683
202508272020,7.050536964795434
202508272030,7.039486298763084
202508272040,7.028485591603053
202508272050,7.017297566793893
202508272100,7.005627480916031
202508272110,6.993155057251909
202508272120,6.9797223659003835
202508272130,6.965351819923373
202508272140,6.9502881704980854
202508272150,6.934705411877395
202508272200,6.918693227665706
202508272210,6.902408597502401
202508272220,6.886051536983669
202508272230,6.869813982642237
202508272240,6.853957666345226
202508272250,6.838707762777242
202508272300,6.824122313649564
202508272310,6.810119409486931
202508272320,6.79658155856728
202508272330,6.783388383349467
202508272340,6.770500825242719
202508272350,6.757996116504854
202508280000,6.745942087378641
202508280010,6.734323155339806
202508280020,6.722848830409356
202508280030,6.711405068226121
202508280040,6.699910380116959
202508280050,6.688349756335282
202508280100,6.6767723581213305
202508280110,6.665238796477495
202508280120,6.653832240704501
202508280130,6.642539138943248
202508280140,6.6312818493150685
202508280150,6.619928438113949
202508280200,6.608450933202358
202508280210,6.596832662082515
202508280220,6.585068664047151
202508280230,6.573125221674877
202508280240,6.561016453201971
202508280250,6.54879354679803
202508280300,6.536510837438423
202508280310,6.5242007418397625
202508280320,6.5119034124629085
202508280330,6.499662265084075
202508280340,6.487464292779427
202508280350,6.47522909632572
202508280400,6.462899006951341
202508280410,6.4504653922542206
202508280420,6.437918321747765
202508280430,6.4252641932270915
202508280440,6.412531324701195
202508280450,6.399794970119522
202508280500,6.387092480079682
202508280510,6.37442445
202508280520,6.3617866
202508280530,6.3491838000000005
202508280540,6.3365516500000005
202508280550,6.3237680402010055
202508280600,6.310776984924623
202508280610,6.297626331658291
202508280620,6.284383316582915
202508280630,6.271099193548387
202508280640,6.257856653225806
202508280650,6.244731754032258
202508280700,6.23178845766129
202508280710,6.219062234580385
202508280720,6.206653033367038
202508280730,6.194632912032357
202508280740,6.183052275025278
202508280750,6.171894461382114
202508280800,6.161181046747967
202508280810,6.150892530487805
202508280820,6.140971341463414
202508280830,6.131345833333333
202508280840,6.121914118246687
202508280850,6.112621100917432
202508280900,6.103401070336392
202508280910,6.094193883792049
202508280920,6.084950611620796
202508280930,6.075611475409836
202508280940,6.066146823770492
202508280950,6.056565420081967
202508281000,6.046859528688525
202508281010,6.037028432377049
202508281020,6.027068191161357
202508281030,6.0169753340185
202508281040,6.0067842240493325
202508281050,5.996509866392601
202508281100,5.986168653648511
202508281110,5.975760216718267
202508281120,5.9652936016511875
202508281130,5.954811197110423
202508281140,5.944329463364293
202508281150,5.933863931888545
202508281200,5.923402020725389
202508281210,5.912968756476683
202508281220,5.9025927461139895
202508281230,5.892285440414508
202508281240,5.882057305699482
202508281250,5.871884027055151
202508281300,5.861799583766909
202508281310,5.851819979188345
202508281320,5.841951925078043
202508281330,5.832201248699271
202508281340,5.822542006269592
202508281350,5.81300078369906
202508281400,5.803590491118078
202508281410,5.794314002089864
202508281420,5.785173615464995
202508281430,5.7761549842602316
202508281440,5.76725445960126
202508281450,5.758494700944387
202508281500,5.74987649527807
202508281510,5.741400419727178
202508281520,5.733066789087094
202508281530,5.72485416227608
202508281540,5.716771654373024
202508281550,5.708831612223393
202508281600,5.701033403582718
202508281610,5.693375869336143
202508281620,5.685857744994731
202508281630,5.678472463002113
202508281640,5.67120486257928
202508281650,5.664071353065538
202508281700,5.657069714587737
202508281710,5.650197357293869
202508281720,5.643451744186046
202508281730,5.636830232558139
202508281740,5.630330126849894
202508281750,5.623916524973433
202508281800,5.617617853347503
202508281810,5.611433262486717
202508281820,5.605360148777896
202508281830,5.5993961742826786
202508281840,5.5935390010627
202508281850,5.587786450584485
202508281900,5.582136503719447
202508281910,5.576572572038421
202508281920,5.5710986659551756
202508281930,5.56572219850587
202508281940,5.560441408751334
202508281950,5.555254749199573
202508282000,5.550160618996799
202508282010,5.545157524012807
202508282020,5.540244130202775
202508282030,5.5354189434364995
202508282040,5.530680629669157
202508282050,5.526010825294749
202508282100,5.521422829581994
202508282110,5.516918274383709
202508282120,5.512495873526261
202508282130,5.508154555198285
202508282140,5.503893086816721
202508282150,5.4997102357985
202508282200,5.495604823151126
202508282210,5.491575669882101
202508282220,5.487621436227225
202508282230,5.483740996784567
202508282240,5.479932831001077
202508282250,5.4761801399354155
202508282300,5.4724979547900965
202508282310,5.468884983853606
202508282320,5.465340096878364
202508282330,5.4618622712594185
202508282340,5.458450269106566
202508282350,5.455103013993542
202508290000,5.451819590958019
202508290010,5.448598869752422
202508290020,5.445235791173305
202508290030,5.441749784714746
202508290040,5.43814337997847
202508290050,5.434413078579117
202508290100,5.430555758880516
202508290110,5.426559827213822
202508290120,5.4224376349892
202508290130,5.418198164146868
202508290140,5.41385172786177
202508290150,5.409410313174945
202508290200,5.4048862850971915
202508290210,5.400290982721382
202508290220,5.395634017278617
202508290230,5.390922516198703
202508290240,5.386161339092872
202508290250,5.381353023758099
202508290300,5.3764794245385445
202508290310,5.371551682953312
202508290320,5.366576112920738
202508290330,5.361551411509229
202508290340,5.356476547231271
202508290350,5.351350597176982
202508290400,5.346173398479913
202508290410,5.340945168295331
202508290420,5.335666666666667
202508290430,5.330339087947882
202508290440,5.324936462882096
202508290450,5.3194858078602625
202508290500,5.3139906659388645
202508290510,5.30845251091703
202508290520,5.3028724890829695
202508290530,5.297251364628821
202508290540,5.291589410480349
202508290550,5.285886189956332
202508290600,5.280140611353712
202508290610,5.274332475355969
202508290620,5.268477108433735
202508290630,5.262571851040526
202508290640,5.256612705366923
202508290650,5.250595125958379
202508290700,5.2445139101862
202508290710,5.238363307776561
202508290720,5.232137239868566
202508290730,5.225810781078108
202508290740,5.21938597359736
202508290750,5.212865401540154
202508290800,5.206242464246425
202508290810,5.199510616061606
202508290820,5.1926636413641365
202508290830,5.185695489548955
202508290840,5.178594475138121
202508290850,5.171335801104972
202508290900,5.163939889502762
202508290910,5.156402486187845
202508290920,5.148719779005525
202508290930,5.140888453038674
202508290940,5.132905635359116
202508290950,5.124739944444444
202508291000,5.1164016666666665
202508291010,5.1079056666666665
202508291020,5.099251388888889
202508291030,5.090438944444445
202508291040,5.081468888888889
202508291050,5.072308537946428
202508291100,5.062986607142857
202508291110,5.053512165178572
202508291120,5.043888337053572
202508291130,5.034118638392858
202508291140,5.02418105381166
202508291150,5.014086939461883
202508291200,5.003859529147983
202508291210,4.993503923766816
202508291220,4.983025280269059
202508291230,4.9723948198198205
202508291240,4.961637837837838
202508291250,4.95077331081081
202508291300,4.939806418918918
202508291310,4.928736538461538
202508291320,4.917529411764706
202508291330,4.906234332579185
202508291340,4.8948562782805425
202508291350,4.883400339366515
202508291400,4.871825995449374
202508291410,4.860163310580205
202508291420,4.848440728100114
202508291430,4.836660068259386
202508291440,4.824805942857143
202508291450,4.812875485714286
202508291500,4.800904342857143
202508291510,4.788896057142857
202508291520,4.77683708381171
202508291530,4.764698622273249
202508291540,4.7525094144661315
202508291550,4.7402570034443166
202508291600,4.727909122401847
202508291610,4.715398210161663
202508291620,4.702768302540415
202508291630,4.690012702078522
202508291640,4.6771273464658165
202508291650,4.664100115874854
202508291700,4.650986964078795
202508291710,4.637805098493626
202508291720,4.624536289381563
202508291730,4.611181621936989
202508291740,4.597813302217036
202508291750,4.584449766627772
202508291800,4.571080152224825
202508291810,4.55774262295082
202508291820,4.5444759953161595
202508291830,4.531303220140515
202508291840,4.518175029446407
202508291850,4.505171083627798
202508291900,4.492312603062427
202508291910,4.479607100591716
202508291920,4.467003905325443
202508291930,4.454561775147929
202508291940,4.44227775147929
202508291950,4.430146272189349
202508292000,4.4180898214285715
202508292010,4.406170952380952
202508292020,4.394382142857143
202508292030,4.382714404761904
202508292040,4.371115968899522
202508292050,4.359606638755981
202508292100,4.3481887559808605
202508292110,4.336851734449761
202508292120,4.325558543922984
202508292130,4.3142849578820694
202508292140,4.30306293622142
202508292150,4.291884115523466
202508292200,4.280741215403129
202508292210,4.2695781136638455
202508292220,4.2584353688029015
202508292230,4.247314812575574
202508292240,4.236210459492141
202508292250,4.225090632603406
202508292300,4.213945316301704
202508292310,4.202807481751825
202508292320,4.191678345498783
202508292330,4.180554257907541
202508292340,4.169383740831295
202508292350,4.158214914425427
202508300000,4.147044804400977
202508300010,4.135858740831296
202508300020,4.124593673218673
202508300030,4.113216461916462
202508300040,4.101721928746929
202508300050,4.0900806511056516
202508300100,4.078258292079209
202508300110,4.066183106435644
202508300120,4.053936138613862
202508300130,4.041536324257426
202508300140,4.02900696517413
202508300150,4.016330472636816
202508300200,4.003606778606965
202508300210,3.9908851990049747
202508300220,3.9782111250000005
202508300230,3.9655955000000005
202508300240,3.9531461875000002
202508300250,3.9409101250000007
202508300300,3.9289173584905663
202508300310,3.9171333333333336
202508300320,3.9056404402515725
202508300330,3.894441635220126
202508300340,3.8835299999999995
202508300350,3.8728462658227847
202508300400,3.8623948101265824
202508300410,3.8521736075949367
202508300420,3.8421575949367086
202508300430,3.832319303797468
202508300440,3.8225861146496816
202508300450,3.8129647133757962
202508300500,3.8034458598726113
202508300510,3.7940056687898087
202508300520,3.784621464968153
202508300530,3.775247503201024
202508300540,3.7658642125480153
202508300550,3.7564740076824585
202508300600,3.7470571062740077
202508300610,3.7375957746478874
202508300620,3.728062048969072
202508300630,3.7184070231958763
202508300640,3.7086688788659794
202508300650,3.6988385953608245
202508300700,3.688903350515464
202508300710,3.6788453307393
202508300720,3.6686047989623867
202508300730,3.658236381322957
202508300740,3.6477442282749672
202508300750,3.637144163424124
202508300800,3.626437418513689
202508300810,3.615632138200782
202508300820,3.604789113428944
202508300830,3.593932073011734
202508300840,3.583075293350717
202508300850,3.57217247043364
202508300900,3.561271024967149
202508300910,3.5504058475689884
202508300920,3.539588107752957
202508300930,3.528824372523118
202508300940,3.518085138705416
202508300950,3.507438110964333
202508301000,3.4969025099075295
202508301010,3.486500528401585
202508301020,3.4762277260638297
202508301030,3.466086569148936
202508301040,3.456136635638298
202508301050,3.4463853058510634
202508301100,3.4368336436170215
202508301110,3.4274600401606428
202508301120,3.4182248995983935
202508301130,3.4091597724230254
202508301140,3.400247054886212
202508301150,3.391469344042838
202508301200,3.3828076974564927
202508301210,3.3742038409703503
202508301220,3.3656588274932613
202508301230,3.357172574123989
202508301240,3.3487262129380055
202508301250,3.3402993935309975
202508301300,3.331870552560647
202508301310,3.323375169606513
202508301320,3.3148318860244235
202508301330,3.3062516960651287
202508301340,3.297647014925373
202508301350,3.2890431478968787
202508301400,3.2804747625508814
202508301410,3.2719262295081966
202508301420,3.2634883196721307
202508301430,3.255198155737705
202508301440,3.2470821038251367
202508301450,3.2391572404371582
202508301500,3.2314314890710385
202508301510,3.2238621733149935
202508301520,3.216474415405777
202508301530,3.209264030261348
202508301540,3.2022126547455296
202508301550,3.1952992434663
202508301600,3.188501375515819
202508301610,3.181796492434663
202508301620,3.1751292243767315
202508301630,3.1685004155124656
202508301640,3.161903324099723
202508301650,3.1553211911357337
202508301700,3.1487389889196673
202508301710,3.1421441828254846
202508301720,3.135526246537396
202508301730,3.1288688284518824
202508301740,3.122134309623431
202508301750,3.115356345885634
202508301800,3.1085314504881447
202508301810,3.101657740585774
202508301820,3.0947343096234308
202508301830,3.0877613668061366
202508301840,3.080739958158996
202508301850,3.0736273876404496
202508301900,3.0664650280898873
202508301910,3.0592608146067417
202508301920,3.052018047752809
202508301930,3.0447400983146067
202508301940,3.0374306882022473
202508301950,3.0300935393258426
202508302000,3.0226706798866854
202508302010,3.0152267705382436
202508302020,3.0077663597733713
202508302030,3.0002933427762035
202508302040,2.9928111898017
202508302050,2.985323654390935
202508302100,2.9778216524216523
202508302110,2.9702904558404555
202508302120,2.962763603988604
202508302130,2.955244088319088
202508302140,2.9477346866096865
202508302150,2.940238034188034
202508302200,2.932756695156695
202508302210,2.925252370689655
202508302220,2.917744252873563
202508302230,2.9102581896551722
202508302240,2.902796120689655
202508302250,2.895359841954023
202508302300,2.8879510057471265
202508302310,2.880571120689655
202508302320,2.8731726483357454
202508302330,2.8658018813314037
202508302340,2.858464182344428
202508302350,2.8511606367583213
202508310000,2.8438922575976844
202508310010,2.8366598408104196
202508310020,2.8295410948905104
202508310030,2.822497591240876
202508310040,2.8156014598540144
202508310050,2.8088637956204376
202508310100,2.802293503649635
202508310110,2.795896788321168
202508310120,2.789676934306569
202508310130,2.78363503649635
202508310140,2.777754044117647
202508310150,2.7720231617647055
202508310200,2.7664661764705882
202508310210,2.7610797794117645
202508310220,2.75586
202508310230,2.750802573529412
202508310240,2.7459029411764706
202508310250,2.741156691176471
202508310300,2.736559117647059
202508310310,2.732105735294118
202508310320,2.727775925925926
202508310330,2.723567185185185
202508310340,2.719491481481482
202508310350,2.715545259259259
202508310400,2.7117255555555557
202508310410,2.708030074074074
202508310420,2.704456888888889
202508310430,2.701004740740741
202508310440,2.6976731111111114
202508310450,2.694461925925926
202508310500,2.691371555555556
202508310510,2.6884031111111115
202508310520,2.685557703703704
202508310530,2.682836888888889
202508310540,2.680242074074074
202508310550,2.6777580597014925
202508310600,2.675401865671642
202508310610,2.6731760447761195
202508310620,2.6710810447761193
202508310630,2.6691166417910446
202508310640,2.6672822388059703
202508310650,2.6655767164179105
202508310700,2.6639983582089553
202508310710,2.6625452985074625
202508310720,2.661215223880597
202508310730,2.660005820895522
202508310740,2.658914776119403
202508310750,2.657939925373134
202508310800,2.6570793283582086
202508310810,2.656331567164179
202508310820,2.6556955970149256
202508310830,2.655171119402985
202508310840,2.6547583582089556
202508310850,2.6544583582089554
202508310900,2.6542728358208953
202508310910,2.654204328358209
202508310920,2.6542561940298506
202508310930,2.6544325373134328
202508310940,2.654738432835821
202508310950,2.6551795522388058
202508311000,2.6557625373134326
202508311010,2.656494925373134
202508311020,2.657385
202508311030,2.6584420149253734
202508311040,2.659675895522388
202508311050,2.66109776119403
202508311100,2.6627194029850747
202508311110,2.6645538059701495
202508311120,2.666614701492537
202508311130,2.668916940298508
202508311140,2.6714765671641794
202508311150,2.6743103731343285
202508311200,2.6774364925373138
202508311210,2.6808675555555554
202508311220,2.6846090370370375
202508311230,2.6887011111111114
202508311240,2.6931663703703705
202508311250,2.6980284444444447
202508311300,2.7033122222222223
202508311310,2.7090437037037036
202508311320,2.715250222222222
202508311330,2.7219602222222226
202508311340,2.7292033333333334
202508311350,2.7369587500000003
202508311400,2.745299779411765
202508311410,2.754265
202508311420,2.7638882352941176
202508311430,2.7742041911764703
202508311440,2.7852104379562044
202508311450,2.7969334306569342
202508311500,2.8094522627737226
202508311510,2.822804233576642
202508311520,2.8369656295224313
202508311530,2.851964471780029
202508311540,2.8679001447178005
202508311550,2.884774568965517
202508311600,2.9025638649425285
202508311610,2.9213907327586206
202508311620,2.941193803418803
202508311630,2.9620229344729343
202508311640,2.983965297450425
202508311650,3.006973866855524
202508311700,3.031179985955056
202508311710,3.056427808988764
202508311720,3.0829305439330543
202508311730,3.11057280334728
202508311740,3.139488781163435
202508311750,3.1696349030470916
202508311800,3.2010304676753787
202508311810,3.2337426229508197
202508311820,3.2676858606557375
202508311830,3.3029236092265943
202508311840,3.3394741913746633
202508311850,3.377310107816711
202508311900,3.4163835341365463
202508311910,3.456745079787234
202508311920,3.498378797886394
202508311930,3.5412806176084097
202508311940,3.5854496088657104
202508311950,3.6307733463035015
202508312000,3.6773134889753565
202508312010,3.724996842783505
202508312020,3.773788732394366
202508312030,3.823700955414013
202508312040,3.874638924050633
202508312050,3.92654320754717
202508312100,3.9793596875
202508312110,4.0330833539603965
202508312120,4.08765085995086
202508312130,4.142911063569682
202508312140,4.198923296836983
202508312150,4.255596674727933
202508312200,4.3128673285198555
202508312210,4.370666327751196
202508312220,4.428963333333333
202508312230,4.487622084805654
202508312240,4.546669086651054
202508312250,4.606064294049007
202508312300,4.665741367323291
202508312310,4.725696304849885
202508312320,4.785813771428572
202508312330,4.84609510807736
202508312340,4.906490610859729
202508312350,4.966955180180181
202509010000,5.027495515695067
202509010010,5.0880545
202509010020,5.148545248618785
202509010030,5.208937403740373
202509010040,5.269258324205914
202509010050,5.329542849344978
202509010100,5.389610691144709
202509010110,5.449508557588805
202509010120,5.509286387995713
202509010130,5.568870117395945
202509010140,5.628231562167906
202509010150,5.687257323498419
202509010200,5.746051154249738
202509010210,5.804538349007315
202509010220,5.8626890738813735
202509010230,5.92047621761658
202509010240,5.977872549019609
202509010250,6.034843288934427
202509010300,6.091415902140673
202509010310,6.147510467479675
202509010320,6.203148584428717
202509010330,6.258285887096775
202509010340,6.31295743718593
202509010350,6.3670556000000005
202509010400,6.420546912350598
202509010410,6.473460526315789
202509010420,6.52573175074184
202509010430,6.577322561576355
202509010440,6.628252111984283
202509010450,6.678445450097848
202509010500,6.727869444444444
202509010510,6.776492961165048
202509010520,6.824323523717328
202509010530,6.871288042430086
202509010540,6.917352689721422
202509010550,6.962524090038315
202509010600,7.006762595419847
202509010610,7.050057849666984
202509010620,7.092391658767772
202509010630,7.1337192162417375
202509010640,7.173989376770538
202509010650,7.2131730950141115
202509010700,7.251271998123828
202509010710,7.288258746492048
202509010720,7.324092095416276
202509010730,7.358717101584342
202509010740,7.392159006499535
202509010750,7.424393732590529
202509010800,7.455415092592593
202509010810,7.485245940959411
202509010820,7.513821448339485
202509010830,7.541196780128796
202509010840,7.567365685372585
202509010850,7.59233496791934
202509010900,7.616119156736938
202509010910,7.6387554387568555
202509010920,7.660254981718464
202509010930,7.680673406193078
202509010940,7.69996029143898
202509010950,7.7181931238615675
202509011000,7.735357856494096
202509011010,7.7514391462307
202509011020,7.766467347865577
202509011030,7.780438235294118
202509011040,7.793307963800905
202509011050,7.805138099547511
202509011100,7.815962669683258
202509011110,7.825830226244344
202509011120,7.834772202166065
202509011130,7.842814440433213
202509011140,7.849976624548737
202509011150,7.856269314079422
202509011200,7.861715072202166
202509011210,7.866315027075812
202509011220,7.869970306859205
202509011230,7.872470397111913
202509011240,7.873621750902527
202509011250,7.87341060469314
202509011300,7.87202310469314
202509011310,7.869742915162454
202509011320,7.866821615523465
202509011330,7.863435108303249
202509011340,7.859719314079422
202509011350,7.855798375451264
202509011400,7.851776895306859
202509011410,7.8476430505415165
202509011420,7.843129783393502
202509011430,7.837778700361011
202509011440,7.831243592057762
202509011450,7.823505972850679
202509011500,7.814909457013575
202509011510,7.805954796380091
202509011520,7.797101357466063
202509011530,7.7885894570135745
202509011540,7.7803728506787335
202509011550,7.772213396911899
202509011600,7.7639701634877385
202509011610,7.755631017257039
202509011620,7.747324205267938
202509011630,7.73920603996367
202509011640,7.7313245231607635
202509011650,7.723545036429873
202509011700,7.715690573770492
202509011710,7.707644125683061
202509011720,7.699409471766849
202509011730,7.691083105646631
202509011740,7.682755737704919
202509011750,7.674368098720292
202509011800,7.665729844606947
202509011810,7.656594424131627
202509011820,7.646755667276051
202509011830,7.636100365630712
202509011840,7.624631622364803
202509011850,7.6125279560036665
202509011900,7.600125618698442
202509011910,7.587798350137488
202509011920,7.575865501379945
202509011930,7.564548988040479
202509011940,7.553984590616375
202509011950,7.544162603495861
202509012000,7.53499282428703
202509012010,7.526326153136532
202509012020,7.518000276752769
202509012030,7.509877444649447
202509012040,7.501809732472325
202509012050,7.4936578874538755
202509012100,7.4852300738007385
202509012110,7.476190787037038
202509012120,7.466094583333334
202509012130,7.454599259259259
202509012140,7.441629398148147
202509012150,7.427438207985142
202509012200,7.412489693593313
202509012210,7.3973734911792
202509012220,7.382577994428969
202509012230,7.3683866262814535
202509012240,7.354922600186393
202509012250,7.342041612301958
202509012300,7.329467305893358
202509012310,7.316937979420018
202509012320,7.304398737137511
202509012330,7.291778110383535
202509012340,7.2789328330206375
202509012350,7.265701360225141
202509020000,7.252123968105066
202509020010,7.23839394934334
202509020020,7.224694731890875
202509020030,7.211358231420507
202509020040,7.198615098777046
202509020050,7.186399247412981
202509020100,7.174341831916903
202509020110,7.1620393767705375
202509020120,7.149313644948065
202509020130,7.136246458923513
202509020140,7.123097298578199
202509020150,7.1102211374407585
202509020200,7.097944218009478
202509020210,7.086452322274882
202509020220,7.075767269267365
202509020230,7.0657432445290205
202509020240,7.056101284490961
202509020250,7.046466412940058
202509020300,7.0364947193149385
202509020310,7.025910925572519
202509020320,7.014563454198473
202509020330,7.0024957538167945
202509020340,6.989897853053435
202509020350,6.977034147509579
202509020400,6.9641259578544075
202509020410,6.951350957854407
202509020420,6.938734578544063
202509020430,6.926208021133526
202509020440,6.913639048991355
202509020450,6.900922718539865
202509020500,6.88799707012488
202509020510,6.874899180327868
202509020520,6.8617754580520725
202509020530,6.8488571841851495
202509020540,6.836323481195756
202509020550,6.824268635043563
202509020600,6.812705953533397
202509020610,6.801555808325267
202509020620,6.790628702807357
202509020630,6.779712524271845
202509020640,6.768573203883495
202509020650,6.7570367475728155
202509020700,6.744922038834952
202509020710,6.73213427184466
202509020720,6.7186588206627675
202509020730,6.704658089668616
202509020740,6.690306627680312
202509020750,6.675733757338552
202509020800,6.661002935420743
202509020810,6.64615362035225
202509020820,6.63109324853229
202509020830,6.615625147347741
202509020840,6.599650442043222
202509020850,6.583061787819254
202509020900,6.56578802955665
202509020910,6.547924729064039
202509020920,6.529599901088032
202509020930,6.5108569238377845
202509020940,6.491820425321464
202509020950,6.47247140019861
202509021000,6.452805163853029
202509021010,6.432917924528302
202509021020,6.412833316733067
202509021030,6.392677988047809
202509021040,6.372532250000001
202509021050,6.35247555
202509021100,6.332630900000001
202509021110,6.312922613065327
202509021120,6.293371909547739
202509021130,6.273908165322581
202509021140,6.254467237903226
202509021150,6.235067893145161
202509021200,6.215642467138524
202509021210,6.196153640040445
202509021220,6.1764827235772355
202509021230,6.156436483739837
202509021240,6.136028556910569
202509021250,6.115239653414884
202509021300,6.094187410805302
202509021310,6.072965163934427
202509021320,6.051646516393443
202509021330,6.030419262295082
202509021340,6.009335868448099
202509021350,5.988565005138747
202509021400,5.968127605779154
202509021410,5.948048813209494
202509021420,5.928304870466321
202509021430,5.908733989637305
202509021440,5.8893044041450775
202509021450,5.86987767950052
202509021500,5.850368730489074
202509021510,5.8307237773152965
202509021520,5.810773719958203
202509021530,5.790516457680251
202509021540,5.769874186778594
202509021550,5.748855089192025
202509021600,5.727533719704953
202509021610,5.705911854583772
202509021620,5.684174288724973
202509021630,5.662388583509514
202509021640,5.640717230443974
202509021650,5.619202975557917
202509021700,5.597876673751329
202509021710,5.576767769477055
202509021720,5.55577454642476
202509021730,5.534954802561367
202509021740,5.514249839228295
202509021750,5.493746463022509
202509021800,5.4734688374596345
202509021810,5.453400861141012
202509021820,5.4335483315392885
202509021830,5.413751025917926
202509021840,5.39388601511879
202509021850,5.373789793702498
202509021900,5.353327198697068
202509021910,5.3325619435396305
202509021920,5.311447543668122
202509021930,5.2901663755458515
202509021940,5.268811774370208
202509021950,5.247506188389924
202509022000,5.22637090209021
202509022010,5.205417931793179
202509022020,5.184782288228822
202509022030,5.164430994475138
202509022040,5.144459392265192
202509022050,5.124894611111111
202509022100,5.105735388888888
202509022110,5.087087388888889
202509022120,5.068908035714285
202509022130,5.051154017857143
202509022140,5.033740680803572
202509022150,5.01646216367713
202509022200,4.999220739910314
202509022210,4.981938733183857
202509022220,4.964503209459459
202509022230,4.946961599099099
202509022240,4.9293135746606325
202509022250,4.911469174208145
202509022300,4.893487613122172
202509022310,4.875368145620023
202509022320,4.8571220136518765
202509022330,4.8389255403868034
202509022340,4.820842228571429
202509022350,4.802964285714285
202509030000,4.785392857142857
202509030010,4.768107749712974
202509030020,4.751111538461538
202509030030,4.73442451205511
202509030040,4.717960161662818
202509030050,4.701743071593533
202509030100,4.68577511547344
202509030110,4.670007821552723
202509030120,4.654444785631517
202509030130,4.639104287369641
202509030140,4.6239502917152855
202509030150,4.608972345390899
202509030200,4.594248949824971
202509030210,4.579791978922717
202509030220,4.565562295081968
202509030230,4.551608255269321
202509030240,4.537923946135831
202509030250,4.524462956419317
202509030300,4.511193757361602
202509030310,4.4981324499411075
202509030320,4.485234511189635
202509030330,4.472409349112427
202509030340,4.4596147928994085
202509030350,4.446829053254438
202509030400,4.434020828402367
202509030410,4.4211197619047615
202509030420,4.408143928571429
202509030430,4.395118154761905
202509030440,4.382048452380953
202509030450,4.368897308612441
202509030500,4.35572918660287
202509030510,4.342577990430621
202509030520,4.329462755716005
202509030530,4.31632797833935
202509030540,4.303259446450061
202509030550,4.290262394705175
202509030600,4.277327569528416
202509030610,4.264423095525998
202509030620,4.251605501813785
202509030630,4.23888331318017
202509030640,4.22624294403893
202509030650,4.213661253041362
202509030700,4.201197749391728
202509030710,4.188853527980535
202509030720,4.176611552567236
202509030730,4.1644395476772615
202509030740,4.152373594132029
202509030750,4.140405256723716
202509030800,4.128516216216216
202509030810,4.116653746928748
202509030820,4.10485902948403
202509030830,4.093120270270271
202509030840,4.081425368550368
202509030850,4.069678279702971
202509030900,4.057920235148515
202509030910,4.046132425742575
202509030920,4.034285272277228
202509030930,4.022312562189055
202509030940,4.010203793532338
202509030950,3.997954975124378
202509031000,3.9855460199004975
202509031010,3.9729335000000003
202509031020,3.960134125
202509031030,3.9472075
202509031040,3.9342050000000004
202509031050,3.921136163522013
202509031100,3.908100817610063
202509031110,3.8951945283018867
202509031120,3.882478616352201
202509031130,3.869939303797468
202509031140,3.857662151898734
202509031150,3.8456856962025316
202509031200,3.834020506329114
202509031210,3.822619808917197
202509031220,3.811498280254777
202509031230,3.800666815286624
202509031240,3.790106433121019
202509031250,3.77979423815621
202509031300,3.7696576184379
202509031310,3.759725928297055
202509031320,3.749975800256082
202509031330,3.7403872599231756
202509031340,3.7309398207426376
202509031350,3.7215642396907214
202509031400,3.7122927190721646
202509031410,3.7031175257731963
202509031420,3.6940268041237116
202509031430,3.685007731958763
202509031440,3.676017055771725
202509031450,3.6670248378728925
202509031500,3.658032101167315
202509031510,3.6489988975356678
202509031520,3.6398845654993512
202509031530,3.630651750972762
202509031540,3.6212289439374183
202509031550,3.611648109517601
202509031600,3.6019189048239895
202509031610,3.5920656453715774
202509031620,3.5821271186440677
202509031630,3.57208679369251
202509031640,3.5620354796320632
202509031650,3.552027069645204
202509031700,3.5420898160315377
202509031710,3.5322425098554535
202509031720,3.5224573976221927
202509031730,3.5127779392338176
202509031740,3.503227542932629
202509031750,3.4938198150594455
202509031800,3.484573315719947
202509031810,3.475469614361702
202509031820,3.4665183510638293
202509031830,3.4577518617021274
202509031840,3.4491587101063828
202509031850,3.4407211436170213
202509031900,3.432413962765957
202509031910,3.4241751004016066
202509031920,3.4160142570281127
202509031930,3.4079458500669344
202509031940,3.3999784471218204
202509031950,3.3921274431057564
202509032000,3.384410642570281
202509032010,3.3768200808625335
202509032020,3.3693578167115903
202509032030,3.3620567385444744
202509032040,3.3549148247978433
202509032050,3.3479248652291105
202509032100,3.341075067385445
202509032110,3.3343456199460917
202509032120,3.327693758480326
202509032130,3.3210753731343288
202509032140,3.314490298507463
202509032150,3.307922659430122
202509032200,3.301369199457259
202509032210,3.294842265943012
202509032220,3.2883664179104475
202509032230,3.281974151967435
202509032240,3.2756719262295078
202509032250,3.2695104508196717
202509032300,3.2635297814207647
202509032310,3.2577474043715844
202509032320,3.2521685792349726
202509032330,3.2467887978142076
202509032340,3.24159487704918
202509032350,3.2365675546448087
202509040000,3.2316837431693988
