Datetime,P00001
202208020010,1.463224857142857
202208020020,1.4646986666666666
202208020030,1.4661407619047617
202208020040,1.4675545714285714
202208020050,1.4689413333333332
202208020100,1.4703015238095238
202208020110,1.471636
202208020120,1.4729452380952381
202208020130,1.4742300952380951
202208020140,1.4754914285714285
202208020150,1.47673
202208020200,1.477946761904762
202208020210,1.4791425714285715
202208020220,1.4803147834274955
202208020230,1.4814585687382298
202208020240,1.4825841807909603
202208020250,1.4836926553672318
202208020300,1.4847843691148777
202208020310,1.4858598870056496
202208020320,1.4869195856873823
202208020330,1.4879636534839926
202208020340,1.4889922787193974
202208020350,1.490005461393597
202208020400,1.4910032015065915
202208020410,1.4919852165725047
202208020420,1.4929514124293786
202208020430,1.4939015065913372
202208020440,1.4948354048964219
202208020450,1.49575263653484
202208020500,1.4966531073446327
202208020510,1.497536440677966
202208020520,1.4984025423728815
202208020530,1.4992510357815445
202208020540,1.500081732580038
202208020550,1.500894350282486
202208020600,1.501688700564972
202208020610,1.5024644067796613
202208020620,1.5032211864406781
202208020630,1.5039585687382298
202208020640,1.5046763653483992
202208020650,1.5053739171374767
202208020700,1.5060507532956686
202208020710,1.506706308851224
202208020720,1.5073400188323918
202208020730,1.5079510357815442
202208020740,1.5085387947269304
202208020750,1.509102448210923
202208020800,1.5096411487758947
202208020810,1.5101542372881356
202208020820,1.5106407721280604
202208020830,1.5111000941619586
202208020840,1.5115314500941621
202208020850,1.5119339924670434
202208020900,1.5123073446327684
202208020910,1.5126507532956686
202208020920,1.5129639359698683
202208020930,1.5132463276836159
202208020940,1.5134977401129945
202208020950,1.5137180790960452
202208021000,1.51390725047081
202208021010,1.514065254237288
202208021020,1.5141922787193975
202208021030,1.5142886064030134
202208021040,1.5143547080979285
202208021050,1.5143909604519774
202208021100,1.5143979284369116
202208021110,1.5143763653483993
202208021120,1.5143270244821092
202208021130,1.5142505649717515
202208021140,1.5141480225988702
202208021150,1.514020338983051
202208021200,1.5138685499058382
202208021210,1.5136935969868173
202208021220,1.5134967043314502
202208021230,1.5132789077212807
202208021240,1.513041525423729
202208021250,1.5127855932203391
202208021300,1.5125125235404897
202208021310,1.5122235404896422
202208021320,1.5119198681732582
202208021330,1.5116029190207156
202208021340,1.5112740112994352
202208021350,1.5109344632768362
202208021400,1.510585593220339
202208021410,1.5102289077212807
202208021420,1.509865725047081
202208021430,1.5094974576271187
202208021440,1.5091257062146894
202208021450,1.5087516949152544
202208021500,1.508377118644068
202208021510,1.5080033898305085
202208021520,1.507631920903955
202208021530,1.5072643126177026
202208021540,1.5069020715630885
202208021550,1.506546798493409
202208021600,1.5061999058380415
202208021610,1.5058631826741995
202208021620,1.5055380414312618
202208021630,1.5052261770244821
202208021640,1.5049290960451978
202208021650,1.504648493408663
202208021700,1.504385875706215
202208021710,1.5041429378531075
202208021720,1.503921186440678
202208021730,1.503722316384181
202208021740,1.5035477401129944
202208021750,1.5033992467043316
202208021800,1.5032782485875706
202208021810,1.5031863465160076
202208021820,1.5031250470809794
202208021830,1.5030957627118646
202208021840,1.5031
202208021850,1.5031392655367233
202208021900,1.5032147834274956
202208021910,1.5033280602636534
202208021920,1.503480414312618
202208021930,1.5036729755178908
202208021940,1.5039069679849342
202208021950,1.5041837099811677
202208022000,1.504504143126177
202208022010,1.5048693973634653
202208022020,1.5052805084745764
202208022030,1.505738418079096
202208022040,1.5062440677966102
202208022050,1.5067981167608289
202208022100,1.507401506591337
202208022110,1.5080548964218456
202208022120,1.5087589453860641
202208022130,1.509514218455744
202208022140,1.510321186440678
202208022150,1.5111804143126177
202208022200,1.5120922787193976
202208022210,1.5130571563088513
202208022220,1.5140752354048965
202208022230,1.5151467984934088
202208022240,1.5162721280602638
202208022250,1.5174512241054616
202208022300,1.518684086629002
202208022310,1.5199709039548024
202208022320,1.521311581920904
202208022330,1.5227060263653485
202208022340,1.5241541431261771
202208022350,1.5256556497175142
202208030000,1.52721054613936
202208030010,1.528818361581921
202208030020,1.530565148698885
202208030030,1.5324392193308551
202208030040,1.5344527881040892
202208030050,1.5366004646840152
202208030100,1.5388765799256505
202208030110,1.541275836431227
202208030120,1.543793215613383
202208030130,1.5464241635687734
202208030140,1.549164776951673
202208030150,1.55201124535316
202208030200,1.5549601301115243
202208030210,1.558008085501859
202208030220,1.5611520446096658
202208030230,1.5643886617100373
202208030240,1.567714776951673
202208030250,1.5711271375464686
202208030300,1.5746227695167287
202208030310,1.5781985130111527
202208030320,1.5818276146788994
202208030330,1.5855071559633027
202208030340,1.5892576146788993
202208030350,1.5930767889908257
202208030400,1.5969624770642203
202208030410,1.600912752293578
202208030420,1.604925871559633
202208030430,1.6090002752293577
202208030440,1.613134495412844
202208030450,1.617326880733945
202208030500,1.6215761467889906
202208030510,1.6258808256880732
202208030520,1.6302361413043476
202208030530,1.6345905797101448
202208030540,1.6389945652173912
202208030550,1.6434461956521735
202208030600,1.647943206521739
202208030610,1.652483333333333
202208030620,1.6570641304347824
202208030630,1.6616829710144925
202208030640,1.6663372282608695
202208030650,1.6710242753623188
202208030700,1.6757411231884056
202208030710,1.6804809694793537
202208030720,1.6852068222621186
202208030730,1.6899543985637342
202208030740,1.69472118491921
202208030750,1.699505026929982
202208030800,1.7043036804308795
202208030810,1.709115080789946
202208030820,1.7139376122082584
202208030830,1.7187694793536803
202208030840,1.7236093357271092
202208030850,1.7284561041292636
202208030900,1.7332617699115043
202208030910,1.738050353982301
202208030920,1.7428432743362832
202208030930,1.7476397345132744
202208030940,1.7524396460176992
202208030950,1.7572425663716815
202208031000,1.7620484955752214
202208031010,1.7668574336283187
202208031020,1.771669557522124
202208031030,1.7764850442477877
202208031040,1.7812926315789477
202208031050,1.78607350877193
202208031100,1.7908586842105265
202208031110,1.795648859649123
202208031120,1.8004445614035087
202208031130,1.8052463157894738
202208031140,1.8100547368421054
202208031150,1.8148706140350879
202208031200,1.819694561403509
202208031210,1.8245272807017543
202208031220,1.8293695614035088
202208031230,1.8341707972270365
202208031240,1.8389753032928944
202208031250,1.8437914211438475
202208031300,1.8486197573656846
202208031310,1.8534610918544192
202208031320,1.858316117850953
202208031330,1.8631853552859619
202208031340,1.8680694107452338
202208031350,1.8729689774696707
202208031400,1.8778844020797227
202208031410,1.8827872212692967
202208031420,1.8876849914236706
202208031430,1.8925996569468266
202208031440,1.8975316466552314
202208031450,1.9024810463121784
202208031500,1.9074481132075471
202208031510,1.9124329331046312
202208031520,1.9174354202401371
202208031530,1.922455574614065
202208031540,1.9274932246998284
202208031550,1.932522156196944
202208031600,1.9375424448217315
202208031610,1.9425792020373513
202208031620,1.947632088285229
202208031630,1.9527005093378604
202208031640,1.9577839558573853
202208031650,1.962881918505942
202208031700,1.96799363327674
202208031710,1.973118505942275
202208031720,1.9782556876061117
202208031730,1.98337025210084
202208031740,1.9884778151260503
202208031750,1.9935952100840335
202208031800,1.9987215966386553
202208031810,2.0038561344537813
202208031820,2.00899781512605
202208031830,2.014145882352941
202208031840,2.019299327731092
202208031850,2.0244573109243698
202208031900,2.029618907563025
202208031910,2.0347354409317804
202208031920,2.0398499168053243
202208031930,2.0449653910149745
202208031940,2.050081031613977
202208031950,2.055195840266223
202208032000,2.0603090682196337
202208032010,2.065419883527454
202208032020,2.070527537437604
202208032030,2.075631198003328
202208032040,2.080722899505766
202208032050,2.0857659802306427
202208032100,2.0908028006589787
202208032110,2.095832784184514
202208032120,2.10085510708402
202208032130,2.1058691103789124
202208032140,2.1108740527182865
202208032150,2.1158693574958813
202208032200,2.1208542009884677
202208032210,2.125828006589786
202208032220,2.1307823817292006
202208032230,2.135683605220229
202208032240,2.1405718597063625
202208032250,2.1454464926590537
202208032300,2.150306933115824
202208032310,2.1551523654159874
202208032320,2.1599821370309953
202208032330,2.1647955954323
202208032340,2.1695920880913544
202208032350,2.17437088091354
202208040000,2.1791312398042413
202208040010,2.1838349757673665
202208040020,2.188433683360259
202208040030,2.192903715670436
202208040040,2.1972453150242326
202208040050,2.2014649434571893
202208040100,2.205569143780291
202208040110,2.209563974151858
202208040120,2.2134543618739904
202208040130,2.217244668820679
202208040140,2.220938529886914
202208040150,2.224539499192246
202208040200,2.2280507269789984
202208040210,2.2314634615384614
202208040220,2.2347777243589744
202208040230,2.238011939102564
202208040240,2.2411689102564103
202208040250,2.244251041666667
202208040300,2.2472606570512816
202208040310,2.2501995993589743
202208040320,2.253069551282051
202208040330,2.2558718749999995
202208040340,2.258607612179487
202208040350,2.2612778846153847
202208040400,2.2638834134615387
202208040410,2.266425
202208040420,2.2689035256410257
202208040430,2.2713197916666665
202208040440,2.2736747596153846
202208040450,2.275969391025641
202208040500,2.2782049679487177
202208040510,2.280378367670364
202208040520,2.2824760697305866
202208040530,2.28451941362916
202208040540,2.286509984152139
202208040550,2.2884493660855783
202208040600,2.2903391442155305
202208040610,2.2921811410459587
202208040620,2.293976862123613
202208040630,2.295727892234548
202208040640,2.2974358161648176
202208040650,2.2991020602218697
202208040700,2.300727892234548
202208040710,2.30231442155309
202208040720,2.3038628367670366
202208040730,2.305374009508716
202208040740,2.3068485736925517
202208040750,2.3082872424722662
202208040800,2.3096903328050713
202208040810,2.3110580824088744
202208040820,2.312390649762282
202208040830,2.313687876386688
202208040840,2.314949683042789
202208040850,2.31617559429477
202208040900,2.3173652139461174
202208040910,2.3185179873217114
202208040920,2.3196332012678287
202208040930,2.3207100633914424
202208040940,2.321747781299525
202208040950,2.3227455625990494
202208041000,2.323702297939778
202208041010,2.324617115689382
202208041020,2.325489144215531
202208041030,2.3263172741679874
202208041040,2.3271006339144216
202208041050,2.327838272583201
202208041100,2.328529318541997
202208041110,2.3291727416798733
202208041120,2.329767987321712
202208041130,2.3303115566037738
202208041140,2.3308040094339626
202208041150,2.331246383647799
202208041200,2.331638128930818
202208041210,2.331978773584906
202208041220,2.332267924528302
202208041230,2.332505188679246
202208041240,2.3326902515723273
202208041250,2.332823034591195
202208041300,2.332903301886793
202208041310,2.3329309748427676
202208041320,2.3329062106918244
202208041330,2.3328290094339623
202208041340,2.332699606918239
202208041350,2.332518160377359
202208041400,2.3322850628930816
202208041410,2.3320005503144654
202208041420,2.331665172955975
202208041430,2.331279323899371
202208041440,2.3308435534591196
202208041450,2.330358490566038
202208041500,2.3298232963549923
202208041510,2.3292369255150556
202208041520,2.328602852614897
202208041530,2.3279218700475433
202208041540,2.32719469096672
202208041550,2.326422266244057
202208041600,2.3256053882725833
202208041610,2.3247448494453247
202208041620,2.323841679873217
202208041630,2.322896671949287
202208041640,2.3219107765451663
202208041650,2.320884944532488
202208041700,2.3198201267828846
202208041710,2.3187172741679873
202208041720,2.317577258320127
202208041730,2.3164011885895404
202208041740,2.315189936608558
202208041750,2.3139445324881143
202208041800,2.312665847860539
202208041810,2.3113548335974645
202208041820,2.3100125990491285
202208041830,2.3086399366085577
202208041840,2.307237797147385
202208041850,2.3058072107765453
202208041900,2.3043490491283674
202208041910,2.3028642630744844
202208041920,2.301353803486529
202208041930,2.299818383518225
202208041940,2.2982591125198097
202208041950,2.2966767828843104
202208042000,2.2950722662440572
202208042010,2.293446354992076
202208042020,2.2918
202208042030,2.290134072900158
202208042040,2.288449207606973
202208042050,2.286746434231379
202208042100,2.2850263866877967
202208042110,2.2832899366085577
202208042120,2.281537876386688
202208042130,2.2797683493589744
202208042140,2.2779673076923075
202208042150,2.2761527243589743
202208042200,2.2743254006410254
202208042210,2.272485977564102
202208042220,2.2706351762820516
202208042230,2.2687737179487177
202208042240,2.266902323717949
202208042250,2.2650216346153846
202208042300,2.2631322916666665
202208042310,2.261235016025641
202208042320,2.2593304487179484
202208042330,2.2574190705128205
202208042340,2.2555016826923078
202208042350,2.2535788461538457
202208050000,2.251651121794872
202208050010,2.2497190705128203
202208050020,2.2477442307692304
202208050030,2.2457584134615383
202208050040,2.2437668269230766
202208050050,2.241770673076923
202208050100,2.2397701923076925
202208050110,2.2377652243589745
202208050120,2.2357555288461537
202208050130,2.2337408653846156
202208050140,2.2317209134615386
202208050150,2.2296929725363492
202208050200,2.2276455573505656
202208050210,2.2255922455573507
202208050220,2.223533037156704
202208050230,2.221467932148627
202208050240,2.2193968497576737
202208050250,2.217319789983845
202208050300,2.2152367528271406
202208050310,2.213147819063005
202208050320,2.2110529886914376
202208050330,2.208952180936995
202208050340,2.206845395799677
202208050350,2.2047327948303717
202208050400,2.2026142164781906
202208050410,2.200489903069467
202208050420,2.1983598546042007
202208050430,2.196224313408724
202208050440,2.194083441033926
202208050450,2.191937560581583
202208050500,2.1897870759289177
202208050510,2.187632310177706
202208050520,2.1854738287560584
202208050530,2.183312197092084
202208050540,2.1811480613893375
202208050550,2.1789720228384994
202208050600,2.176783605220229
202208050610,2.174594779771615
202208050620,2.1724062805872757
202208050630,2.1702188417618276
202208050640,2.1680332789559547
202208050650,2.1658504078303427
202208050700,2.16367088091354
202208050710,2.1614955954323003
202208050720,2.1593250407830347
202208050730,2.1571600326264275
202208050740,2.1550011419249593
202208050750,2.1528489396411095
202208050800,2.150704078303426
202208050810,2.14856704730832
202208050820,2.146438254486134
202208050830,2.1443181076672104
202208050840,2.142207096247961
202208050850,2.1401054649265907
202208050900,2.138013703099511
202208050910,2.1359318923327897
202208050920,2.13386044045677
202208050930,2.1317994290375206
202208050940,2.1297467051070837
202208050950,2.1276873146622735
202208051000,2.1256389621087313
202208051010,2.123602059308072
202208051020,2.1215766062602963
202208051030,2.1195627677100495
202208051040,2.117560708401977
202208051050,2.115570428336079
202208051100,2.1135921746293245
202208051110,2.1116259472817136
202208051120,2.109671993410214
202208051130,2.107730313014827
202208051140,2.1058011532125205
202208051150,2.103884514003295
202208051200,2.1019807248764417
202208051210,2.1000897858319605
202208051220,2.0982119439868203
202208051230,2.096347364085667
202208051240,2.094496210873147
202208051250,2.09265881383855
202208051300,2.090835337726524
202208051310,2.0890259472817134
202208051320,2.0872310543657333
202208051330,2.085450823723229
202208051340,2.0836856672158155
202208051350,2.081935831960461
202208051400,2.0802015650741352
202208051410,2.0784682196339435
202208051420,2.0767494176372714
202208051430,2.075047504159734
202208051440,2.073362895174709
202208051450,2.071696006655574
202208051500,2.0700472545757074
202208051510,2.0684171381031615
202208051520,2.0668060732113145
202208051530,2.0652144758735442
202208051540,2.063642928452579
202208051550,2.0620918469217973
202208051600,2.060561730449251
202208051610,2.0590530782029948
202208051620,2.0575664725457568
202208051630,2.056102329450915
202208051640,2.0546611480865224
202208051650,2.0532435940099836
202208051700,2.0518500831946755
202208051710,2.050481114808652
202208051720,2.049137354409318
202208051730,2.0478192179700496
202208051740,2.0465272046589016
202208051750,2.0452619800332776
202208051800,2.0440239600665553
202208051810,2.0428136439267885
202208051820,2.041631697171381
202208051830,2.0404783693843593
202208051840,2.0393544093178035
202208051850,2.038260232945091
202208051900,2.037196173044925
202208051910,2.0361628951747086
202208051920,2.03516081530782
202208051930,2.034190349417637
202208051940,2.033251913477537
202208051950,2.0323459234608983
202208052000,2.031472795341098
202208052010,2.0306330282861893
202208052020,2.0298251260504196
202208052030,2.02904512605042
202208052040,2.028299915966386
202208052050,2.027589663865546
202208052100,2.0269147058823527
202208052110,2.0262752941176467
202208052120,2.0256717647058817
202208052130,2.0251042857142854
202208052140,2.024573109243697
202208052150,2.0240784033613446
202208052200,2.02362025210084
202208052210,2.0231988235294116
202208052220,2.0228142857142855
202208052230,2.0224665546218485
202208052240,2.022155882352941
202208052250,2.021882100840336
202208052300,2.021645294117647
202208052310,2.0214453781512605
202208052320,2.021282268907563
202208052330,2.0211557983193273
202208052340,2.021066050420168
202208052350,2.0210126050420163
202208060000,2.02099537815126
202208060010,2.0210141176470584
202208060020,2.021085882352941
202208060030,2.0212048739495794
202208060040,2.021370420168067
202208060050,2.021581932773109
202208060100,2.0218386554621848
202208060110,2.0221397478991596
202208060120,2.022484369747899
202208060130,2.022871764705882
202208060140,2.0233013445378147
202208060150,2.0237725210084028
202208060200,2.0242848739495796
202208060210,2.02483781512605
202208060220,2.0254309243697475
202208060230,2.0260635294117644
202208060240,2.026734957983193
202208060250,2.0274444537815124
202208060300,2.028191344537815
202208060310,2.028974705882353
202208060320,2.0297938655462184
202208060330,2.0306413477537433
202208060340,2.0315205490848585
202208060350,2.032432695507487
202208060400,2.0333768718801997
202208060410,2.034352495840266
202208060420,2.0353586522462557
202208060430,2.03639459234609
202208060440,2.037459400998336
202208060450,2.0385522462562395
202208060500,2.0396722961730447
202208060510,2.04081846921797
202208060520,2.0419898502495837
202208060530,2.0431854409317802
202208060540,2.04440391014975
202208060550,2.0456443427620634
202208060600,2.04690540765391
202208060610,2.0481859400998337
202208060620,2.0494846921797008
202208060630,2.0508004991680533
202208060640,2.052132029950083
202208060650,2.0534781198003325
202208060700,2.0548376039933443
202208060710,2.0562093178036607
202208060720,2.057592179700499
202208060730,2.0589851081530783
202208060740,2.0603871880199667
202208060750,2.0617974209650582
202208060800,2.063215058236273
202208060810,2.0646393510815306
202208060820,2.0660694675540765
202208060830,2.0675049084858568
202208060840,2.0689450083194676
202208060850,2.070389351081531
202208060900,2.0718376039933446
202208060910,2.0732891846921797
202208060920,2.0747439267886856
202208060930,2.0762015806988354
202208060940,2.0776618968386025
202208060950,2.079124708818636
202208061000,2.0805841021416804
202208061010,2.0820371499176273
202208061020,2.0834923393739704
202208061030,2.0849497528830314
202208061040,2.0864093080724877
202208061050,2.0878710049423397
202208061100,2.0893348434925865
202208061110,2.090800823723229
202208061120,2.09226902800659
202208061130,2.0937393739703456
202208061140,2.0952120263591434
202208061150,2.096686820428336
202208061200,2.098164003294893
202208061210,2.099643327841845
202208061220,2.1011249588138385
202208061230,2.102608896210873
202208061240,2.104094975288303
202208061250,2.1055833607907743
202208061300,2.107073805601318
202208061310,2.108566392092257
202208061320,2.1100609555189456
202208061330,2.111557413509061
202208061340,2.113055766062603
202208061350,2.114555766062603
202208061400,2.116057331136738
202208061410,2.117560296540362
202208061420,2.1190644975288304
202208061430,2.1205697693574956
202208061440,2.12207586490939
202208061450,2.123582619439868
202208061500,2.1250897858319604
202208061510,2.126597116968698
202208061520,2.128104283360791
202208061530,2.1296111202635917
202208061540,2.1311063621533446
202208061550,2.1325969004893963
202208061600,2.1340861337683528
202208061610,2.135573898858075
202208061620,2.1370597063621535
202208061630,2.1385434747145187
202208061640,2.140024632952692
202208061650,2.1415030179445353
202208061700,2.142978303425775
202208061710,2.1444500815660685
202208061720,2.1459181076672103
202208061730,2.147381973898858
202208061740,2.1488414355628063
202208061750,2.1502961663947797
202208061800,2.1517458401305056
202208061810,2.1531902120717783
202208061820,2.1546289559543235
202208061830,2.156061827079935
202208061840,2.1574885807504076
202208061850,2.1589088907014684
202208061900,2.160322593800979
202208061910,2.161729526916803
202208061920,2.1631294453507346
202208061930,2.164522104404568
202208061940,2.165907422512235
202208061950,2.1672851549755303
202208062000,2.1686553017944536
202208062010,2.170017699836868
202208062020,2.1713721859706365
202208062030,2.1727187601957585
202208062040,2.174057259380098
202208062050,2.175387765089723
202208062100,2.176710195758565
202208062110,2.1780244698205546
202208062120,2.1793306688417617
202208062130,2.1806226171243943
202208062140,2.1819000807754447
202208062150,2.1831696284329567
202208062200,2.184431340872375
202208062210,2.1856851373182553
202208062220,2.186931098546042
202208062230,2.1881694668820684
202208062240,2.1894002423263332
202208062250,2.1906235056542815
202208062300,2.1918394184168015
202208062310,2.1930480613893377
202208062320,2.1942495153473347
202208062330,2.1954440226171243
202208062340,2.196631583198708
202208062350,2.197812520193861
202208070000,2.1989867528271407
202208070010,2.200154604200323
202208070020,2.201337964458805
202208070030,2.2025336025848143
202208070040,2.203740872374798
202208070050,2.204959450726979
202208070100,2.206188933764136
202208070110,2.207429240710824
202208070120,2.208680452342488
202208070130,2.2099425686591276
202208070140,2.2112157512116317
202208070150,2.2125000000000004
202208070200,2.2137951534733444
202208070210,2.215101211631664
202208070220,2.216418012924071
202208070230,2.2177454765751214
202208070240,2.219083360258481
202208070250,2.2204315024232635
202208070300,2.221789903069467
202208070310,2.223158481421648
202208070320,2.224537156704362
202208070330,2.2259260904684974
202208070340,2.2273252827140553
202208070350,2.2287348949919226
202208070400,2.230153846153846
202208070410,2.2315733974358976
202208070420,2.233003846153846
202208070430,2.2344454326923078
202208070440,2.2358983974358972
202208070450,2.237362900641026
202208070500,2.238839342948718
202208070510,2.2403278044871797
202208070520,2.2418285256410257
202208070530,2.2433418269230767
202208070540,2.244867788461538
202208070550,2.246406730769231
202208070600,2.2479588141025637
202208070610,2.249524439102564
202208070620,2.251103685897436
202208070630,2.252697115384615
202208070640,2.2543048878205125
202208070650,2.255927564102564
202208070700,2.257565544871795
202208070710,2.259219391025641
202208070720,2.2608896634615387
202208070730,2.2625771634615384
202208070740,2.264282532051282
202208070750,2.266006730769231
202208070800,2.2677505608974355
202208070810,2.2695150641025643
202208070820,2.271301362179487
202208070830,2.273110737179487
202208070840,2.274944310897436
202208070850,2.2768036057692305
202208070900,2.2786900641025642
202208070910,2.2805985736925516
202208070920,2.28252266244057
202208070930,2.284478684627575
202208070940,2.2864684627575276
202208070950,2.2884941362916003
202208071000,2.2905576862123613
202208071010,2.292661410459588
202208071020,2.294807686212361
202208071030,2.2969990491283676
202208071040,2.299238114104596
202208071050,2.3015274960380347
202208071100,2.3038702060221867
202208071110,2.306269096671949
202208071120,2.308727416798732
202208071130,2.3112481774960383
202208071140,2.3138348652931855
202208071150,2.3164908082408875
202208071200,2.319219572107765
202208071210,2.322024722662441
202208071220,2.3249099841521392
202208071230,2.3278791600633912
202208071240,2.3309286163522014
202208071250,2.3340522012578617
202208071300,2.337270518867925
202208071310,2.3405875
202208071320,2.344006996855346
202208071330,2.3475329402515728
202208071340,2.351169261006289
202208071350,2.3549197327044027
202208071400,2.358788286163522
202208071410,2.362778616352201
202208071420,2.3668944968553456
202208071430,2.371139465408805
202208071440,2.3755171383647795
202208071450,2.380030655226209
202208071500,2.3846476599063964
202208071510,2.38940624024961
202208071520,2.394309438377535
202208071530,2.399360374414977
202208071540,2.404561700468019
202208071550,2.4099163026521064
202208071600,2.415426677067083
202208071610,2.4210951638065525
202208071620,2.426924180967239
202208071630,2.432884259259259
202208071640,2.438973842592593
202208071650,2.4452280092592593
202208071700,2.4516484567901236
202208071710,2.458236496913581
202208071720,2.4649935185185186
202208071730,2.4719207561728394
202208071740,2.4790189814814814
202208071750,2.4862410413476264
202208071800,2.4936267228177638
202208071810,2.5011840735068906
202208071820,2.508913323124043
202208071830,2.5168146248085757
202208071840,2.5248878254211324
202208071850,2.533108814589665
202208071900,2.54146094224924
202208071910,2.5499822948328266
202208071920,2.5586721124620055
202208071930,2.5675294832826747
202208071940,2.576553191489362
202208071950,2.585690135542169
202208072000,2.594957981927711
202208072010,2.604386370481928
202208072020,2.6139735692771087
202208072030,2.6237176204819277
202208072040,2.633584104477612
202208072050,2.643545671641791
202208072100,2.653656268656716
202208072110,2.663913582089552
202208072120,2.674315223880597
202208072130,2.684822518518519
202208072140,2.695425777777778
202208072150,2.7061645185185186
202208072200,2.717035851851852
202208072210,2.728036814814815
202208072220,2.7390968382352945
202208072230,2.750264485294118
202208072240,2.761550294117647
202208072250,2.772950073529412
202208072300,2.7844267883211677
202208072310,2.795956350364963
202208072320,2.8075858394160584
202208072330,2.819311094890511
202208072340,2.8311185962373373
202208072350,2.842921056439942
202208080000,2.854808465991317
202208080010,2.8667782199710565
202208080020,2.8788842981186686
202208080030,2.891075
202208080040,2.903422988505747
202208080050,2.915934195402299
202208080100,2.9286058189655173
202208080110,2.941337179487179
202208080120,2.9542096153846154
202208080130,2.967231125356125
202208080140,2.9803952549575072
202208080150,2.993626133144476
202208080200,3.0069910056657223
202208080210,3.020484419263456
202208080220,3.034066643258427
202208080230,3.047686516853932
202208080240,3.061420716292135
202208080250,3.0752676264044942
202208080300,3.0891601115760112
202208080310,3.1031305439330543
202208080320,3.117212691771269
202208080330,3.1313979224376727
202208080340,3.1456079639889194
202208080350,3.1599322022160665
202208080400,3.1743707063711915
202208080410,3.188860522696011
202208080420,3.2034198074277853
202208080430,3.2180805364511698
202208080440,3.2328116803278686
202208080450,3.2475368852459017
202208080500,3.2623212431693984
202208080510,3.2771495901639343
202208080520,3.2919263229308
202208080530,3.3067024423337856
202208080540,3.32149118046133
202208080550,3.3362467654986525
202208080600,3.3509533692722373
202208080610,3.3656708894878706
202208080620,3.3803954484605088
202208080630,3.395028313253012
202208080640,3.409653547523427
202208080650,3.4242563587684067
202208080700,3.438755718085106
202208080710,3.453153257978723
202208080720,3.467464428191489
202208080730,3.481658190224571
202208080740,3.49564464993395
202208080750,3.5094939894319683
202208080800,3.523201717305152
202208080810,3.5367363994743757
202208080820,3.5501116951379768
202208080830,3.5633859395532195
202208080840,3.5765834428383707
202208080850,3.5896506518904823
202208080900,3.6026528031290743
202208080910,3.6156241199478485
202208080920,3.6285608213820075
202208080930,3.64139682230869
202208080940,3.654175680933852
202208080950,3.666898184176394
202208081000,3.679563683527886
202208081010,3.6921019974226805
202208081020,3.7046074742268043
202208081030,3.717111726804124
202208081040,3.7296479381443297
202208081050,3.7421748399487837
202208081100,3.754802880921895
202208081110,3.7675613956466067
202208081120,3.7804708280254773
202208081130,3.793478662420382
202208081140,3.8066476433121017
202208081150,3.819964840764331
202208081200,3.8333839873417723
202208081210,3.8468288607594934
202208081220,3.860317721518987
202208081230,3.873804873417721
202208081240,3.8871958490566034
202208081250,3.900449245283019
202208081300,3.913556729559749
202208081310,3.9264788679245286
202208081320,3.939121875
202208081330,3.9514971250000004
202208081340,3.9636063125000005
202208081350,3.9754420000000006
202208081400,3.9869678482587063
202208081410,3.9982003109452737
202208081420,4.0091652985074635
202208081430,4.0198618159203985
202208081440,4.03028620049505
202208081450,4.040382549504951
202208081500,4.05019672029703
202208081510,4.059726547029703
202208081520,4.068976237623763
202208081530,4.077959900990099
202208081540,4.086649508599509
202208081550,4.095107371007371
202208081600,4.103382493857493
202208081610,4.111512223587224
202208081620,4.119538329238329
202208081630,4.127502088452088
202208081640,4.13541662591687
202208081650,4.1433308679706595
202208081700,4.151282029339853
202208081710,4.159285574572127
202208081720,4.167341381418092
202208081730,4.175431540342298
202208081740,4.183505535279805
202208081750,4.191517579075425
202208081800,4.199449635036496
202208081810,4.207271776155718
202208081820,4.214964355231143
202208081830,4.222519525547446
202208081840,4.229934793187349
202208081850,4.237162938331318
202208081900,4.244243712212818
202208081910,4.251171463119711
202208081920,4.257948186215236
202208081930,4.264586638452237
202208081940,4.271107980652962
202208081950,4.277542321644498
202208082000,4.283902948255115
202208082010,4.290227075812274
202208082020,4.296553309265944
202208082030,4.302897593261131
202208082040,4.3092660048134785
202208082050,4.315654452466907
202208082100,4.322054813477738
202208082110,4.328457099879663
202208082120,4.334826854066986
202208082130,4.341176614832536
202208082140,4.347505622009569
202208082150,4.353794796650718
202208082200,4.3600191985645935
202208082210,4.366148684210526
202208082220,4.372152392344497
202208082230,4.378003110047846
202208082240,4.383660416666666
202208082250,4.389121904761905
202208082300,4.394405952380953
202208082310,4.399532142857143
202208082320,4.404538511904763
202208082330,4.409460773809524
202208082340,4.41432625
202208082350,4.41914625
202208090000,4.423915892857143
202208090010,4.428622916666667
202208090020,4.433123076923078
202208090030,4.437401065088757
202208090040,4.441463550295858
202208090050,4.445323846153846
202208090100,4.449006390532544
202208090110,4.452545621301775
202208090120,4.455986449704142
202208090130,4.459377218934911
202208090140,4.462771360946746
202208090150,4.4662055621301775
202208090200,4.469709822485207
202208090210,4.473295798816569
202208090220,4.476963905325444
202208090230,4.480701766784453
202208090240,4.484478621908128
202208090250,4.488276325088339
202208090300,4.492051236749116
202208090310,4.495759422850412
202208090320,4.499367255594818
202208090330,4.502857479387515
202208090340,4.50623816254417
202208090350,4.509533981154299
202208090400,4.512779269729093
202208090410,4.516010247349823
202208090420,4.519262897526502
202208090430,4.522565488810365
202208090440,4.5259417550058885
202208090450,4.529390930506478
202208090500,4.5328803278688525
202208090510,4.536387646370024
202208090520,4.5398696721311484
202208090530,4.543277459016394
202208090540,4.546553278688524
202208090550,4.54963899297424
202208090600,4.552485831381733
202208090610,4.555070784543325
202208090620,4.557402459016394
202208090630,4.559520960187354
202208090640,4.561481440281031
202208090650,4.563350175644028
202208090700,4.565181381733021
202208090710,4.56701305620609
202208090720,4.568856791569086
202208090730,4.570695725995316
202208090740,4.572495784543326
202208090750,4.57420837236534
202208090800,4.575796838407495
202208090810,4.577249590163934
202208090820,4.578583138173302
202208090830,4.5798453161592505
202208090840,4.581097257876313
202208090850,4.582423687281214
202208090900,4.583890665110852
202208090910,4.585551750291716
202208090920,4.587427537922988
202208090930,4.589507176196033
202208090940,4.5917558926487745
202208090950,4.5941261376896145
202208091000,4.596570070011668
202208091010,4.599047082847141
202208091020,4.601527712952159
202208091030,4.603995332555426
202208091040,4.606445682613769
202208091050,4.608886581096849
202208091100,4.611329463243874
202208091110,4.613784539089848
202208091120,4.616243873978997
202208091130,4.618661785297549
202208091140,4.620954025670946
202208091150,4.62300723453909
202208091200,4.624700175029171
202208091210,4.625937164527421
202208091220,4.626673920653442
202208091230,4.626924270711785
202208091240,4.62675186697783
202208091250,4.626251575262543
202208091300,4.625510560093349
202208091310,4.6245990665110845
202208091320,4.62356032672112
202208091330,4.62241715285881
202208091340,4.6211863477246204
202208091350,4.619893465577596
202208091400,4.6185811551925315
202208091410,4.617308518086348
202208091420,4.616137456242706
202208091430,4.61512870478413
202208091440,4.61432584597433
202208091450,4.613750116686115
202208091500,4.613405484247374
202208091510,4.613274504084014
202208091520,4.613324854142357
202208091530,4.613514177362894
202208091540,4.6137978413068845
202208091550,4.614128413068844
202208091600,4.6144600933488915
202208091610,4.614742882147024
202208091620,4.61493926487748
202208091630,4.615022578763128
202208091640,4.614985647607934
202208091650,4.614837047841307
202208091700,4.614594865810968
202208091710,4.6142735122520415
202208091720,4.613870478413069
202208091730,4.613355950991831
202208091740,4.612668028004667
202208091750,4.61173098016336
202208091800,4.610473803967327
202208091810,4.6088504084014
202208091820,4.606862018669778
202208091830,4.604547607934656
202208091840,4.601980280046675
202208091850,4.59924609101517
202208091900,4.596428063010502
202208091910,4.593604375729289
202208091920,4.590838914819137
202208091930,4.58818593932322
202208091940,4.585683255542591
202208091950,4.583357176196033
202208092000,4.581215110851808
202208092010,4.579246662763466
202208092020,4.577431733021077
202208092030,4.575745901639344
202208092040,4.5741586651053865
202208092050,4.572631440281031
202208092100,4.571125585480093
202208092110,4.569592740046838
202208092120,4.567987646370024
202208092130,4.566264871194379
202208092140,4.564386885245901
202208092150,4.562325585480094
202208092200,4.560063700234192
202208092210,4.557580093676815
202208092220,4.5548621194379395
202208092230,4.55189256440281
202208092240,4.548666569086651
202208092250,4.5451851873536295
202208092300,4.541470081967214
202208092310,4.537552985948478
202208092320,4.533482084309133
202208092330,4.529303003533569
202208092340,4.525052002355713
202208092350,4.520794287396938
202208100000,4.516568610129564
202208100010,4.512405241460542
202208100020,4.5083097173144875
202208100030,4.504285630153122
202208100040,4.500356772673733
202208100050,4.496542815076561
202208100100,4.49286160188457
202208100110,4.489313780918728
202208100120,4.485891637220259
202208100130,4.482562308598352
202208100140,4.4792864497041425
202208100150,4.47601426035503
202208100200,4.472716272189349
202208100210,4.469340532544379
202208100220,4.465819526627219
202208100230,4.462074674556213
202208100240,4.458034497041421
202208100250,4.453655917159763
202208100300,4.448935680473373
202208100310,4.443903372781065
202208100320,4.4386197041420115
202208100330,4.4331592899408285
202208100340,4.42759630952381
202208100350,4.422015595238095
202208100400,4.416526071428572
202208100410,4.4112068452380955
202208100420,4.406123869047619
202208100430,4.40131630952381
202208100440,4.396798333333334
202208100450,4.392562916666666
202208100500,4.388583571428572
202208100510,4.384826607142857
202208100520,4.38125136904762
202208100530,4.377796830143541
202208100540,4.374416327751196
202208100550,4.371064413875598
202208100600,4.3676971291866025
202208100610,4.364282535885167
202208100620,4.360795933014354
202208100630,4.357215909090909
202208100640,4.353519078947368
202208100650,4.34968971291866
202208100700,4.345716148325359
202208100710,4.341598444976077
202208100720,4.337343361244018
202208100730,4.332960107655502
202208100740,4.3284516245487366
202208100750,4.323820577617329
202208100800,4.319093501805055
202208100810,4.314279302045728
202208100820,4.3093861010830325
202208100830,4.3044203971119135
202208100840,4.299380324909747
202208100850,4.29425661853189
202208100900,4.289029482551143
202208100910,4.28368495788207
202208100920,4.278213724304716
202208100930,4.272622793228537
202208100940,4.266959854897219
202208100950,4.261256045949214
202208101000,4.255535368802903
202208101010,4.249807678355502
202208101020,4.244074607013301
202208101030,4.238336215235792
202208101040,4.232592140266023
202208101050,4.226828467153285
202208101100,4.221049330900244
202208101110,4.215262408759124
202208101120,4.209447080291971
202208101130,4.203573965936739
202208101140,4.197608272506082
202208101150,4.191516545012165
202208101200,4.185274939172748
202208101210,4.178869437652811
202208101220,4.17228924205379
202208101230,4.1655781784841075
202208101240,4.158755012224939
202208101250,4.151836063569682
202208101300,4.144831540342298
202208101310,4.137748349633252
202208101320,4.130589303178484
202208101330,4.1233219901719895
202208101340,4.115972297297297
202208101350,4.108542567567568
202208101400,4.101037837837838
202208101410,4.093470147420147
202208101420,4.085858353808354
202208101430,4.078208972772277
202208101440,4.070509653465347
202208101450,4.062818007425743
202208101500,4.055144121287129
202208101510,4.047494863861386
202208101520,4.039873948019802
202208101530,4.032283477722773
202208101540,4.0246992537313435
202208101550,4.017140236318408
202208101600,4.009624129353234
202208101610,4.002159888059701
202208101620,3.994757276119403
202208101630,3.9874253731343283
202208101640,3.980170708955224
202208101650,3.97296075
202208101700,3.965828
202208101710,3.958766375
202208101720,3.9517647500000006
202208101730,3.9448086250000003
202208101740,3.9378810000000004
202208101750,3.9309637500000005
202208101800,3.924000880503145
202208101810,3.917005471698113
202208101820,3.9099672327044024
202208101830,3.9028711949685535
202208101840,3.89570320754717
202208101850,3.888455534591195
202208101900,3.881117232704402
202208101910,3.8736441139240503
202208101920,3.8660633544303797
202208101930,3.85838
202208101940,3.8505894936708858
202208101950,3.842683734177215
202208102000,3.834647721518987
202208102010,3.8264311464968155
202208102020,3.817995159235669
202208102030,3.80933923566879
202208102040,3.800443312101911
202208102050,3.79130101910828
202208102100,3.781922611464968
202208102110,3.7722951984635085
202208102120,3.762483098591549
202208102130,3.7525467989756724
202208102140,3.74252880921895
202208102150,3.7324748399487837
202208102200,3.7223745489690723
202208102210,3.712290786082474
202208102220,3.7022647551546393
202208102230,3.692312306701031
202208102240,3.6824485180412374
202208102250,3.6726284695201037
202208102300,3.6628857976653695
202208102310,3.6532317120622566
202208102320,3.643661284046692
202208102330,3.634169455252918
202208102340,3.6247282268578878
202208102350,3.6153428292046934
202208110000,3.6060363754889178
202208110010,3.5968054106910037
202208110020,3.5877012385919165
202208110030,3.578745926412615
202208110040,3.569889750328515
202208110050,3.5611843626806836
202208110100,3.5526239159001314
202208110110,3.544200394218134
202208110120,3.535906964520368
202208110130,3.527718758256275
202208110140,3.519601254953765
202208110150,3.5115690885072657
202208110200,3.503604689564069
202208110210,3.4956974900924704
202208110220,3.4878433949801853
202208110230,3.4800435270805816
202208110240,3.472248936170213
202208110250,3.464512234042553
202208110300,3.456830718085106
202208110310,3.4492041888297873
202208110320,3.4416364361702128
202208110330,3.4341393617021274
202208110340,3.426710174029451
202208110350,3.4193672690763055
202208110400,3.412163855421687
202208110410,3.405120548862115
202208110420,3.3982546184738953
202208110430,3.391569143239625
202208110440,3.385058969210174
202208110450,3.3787006064690024
202208110500,3.3724524932614552
202208110510,3.366332210242587
202208110520,3.3603298517520215
202208110530,3.354442115902965
202208110540,3.348668935309973
202208110550,3.3430125336927223
202208110600,3.337473450134771
202208110610,3.33205128032345
202208110620,3.3267215061058346
202208110630,3.3214889416553595
202208110640,3.316360515603799
202208110650,3.31132394843962
202208110700,3.3063581411126184
202208110710,3.3014310040705563
202208110720,3.29650223880597
202208110730,3.29153052917232
202208110740,3.2864833107191314
202208110750,3.2813448439620077
202208110800,3.276093715846994
202208110810,3.2707720628415298
202208110820,3.265430327868852
202208110830,3.260119603825136
202208110840,3.254893647540983
202208110850,3.249803825136612
202208110900,3.2448942622950816
202208110910,3.240199931693989
202208110920,3.235745081967213
202208110930,3.2315433060109293
202208110940,3.2275821870701513
202208110950,3.2238647180192572
202208111000,3.2203900962861076
202208111010,3.2171417469050896
202208111020,3.214099312242091
202208111030,3.2112404401650623
202208111040,3.2085417469050896
202208111050,3.205980055020633
202208111100,3.2035332187070154
202208111110,3.2011806740027513
202208111120,3.198903645116919
202208111130,3.1966857634112795
202208111140,3.1945129986244845
202208111150,3.1923734525447043
202208111200,3.1902578404401654
202208111210,3.1881586657496563
202208111220,3.1860705639614855
202208111230,3.183989958734526
202208111240,3.1819147867950486
202208111250,3.1798432825484766
202208111300,3.1777637119113575
202208111310,3.1756906509695293
202208111320,3.1736263850415516
202208111330,3.171573614958449
202208111340,3.1695355955678672
202208111350,3.167515858725762
202208111400,3.1655182132963993
202208111410,3.1635464681440446
202208111420,3.161604570637119
202208111430,3.159696329639889
202208111440,3.157825623268698
202208111450,3.155995914127424
202208111500,3.1542107340720222
202208111510,3.152473337950138
202208111520,3.1507866343490303
202208111530,3.1491535318559554
202208111540,3.1475763850415515
202208111550,3.146057548476454
202208111600,3.1445990997229916
202208111610,3.143202700831025
202208111620,3.1418700138504154
202208111630,3.1406022853185593
202208111640,3.1394006232686977
202208111650,3.1382658587257617
202208111700,3.1371987534626036
202208111710,3.1361996537396117
202208111720,3.13526904432133
202208111730,3.134406994459834
202208111740,3.133613434903047
202208111750,3.1328881578947363
202208111800,3.1322307479224376
202208111810,3.1316401662049858
202208111820,3.1311150969529082
202208111830,3.130653739612188
202208111840,3.1302539473684208
202208111850,3.1299126220362616
202208111900,3.1296266387726637
202208111910,3.1293952580195254
202208111920,3.1292164574616455
202208111930,3.129088633193863
202208111940,3.129010390516039
202208111950,3.12898110181311
202208112000,3.129000209205021
202208112010,3.129067921896792
202208112020,3.1291843096234304
202208112030,3.1293500697350067
202208112040,3.1295655509065545
202208112050,3.129831520223152
202208112100,3.1301474376731298
202208112110,3.130513227146814
202208112120,3.1309303324099718
202208112130,3.1313987534626038
202208112140,3.1319185595567864
202208112150,3.132489335180055
202208112200,3.1331108033240995
202208112210,3.133782271468144
202208112220,3.1345032548476452
202208112230,3.135272922437673
202208112240,3.1360905124653735
202208112250,3.136955193905817
202208112300,3.137865997229917
202208112310,3.1388220221606646
202208112320,3.139822229916897
202208112330,3.1408656509695287
202208112340,3.141951246537396
202208112350,3.1430779085872573
202208120000,3.1442445290858725
202208120010,3.14545
202208120020,3.1467454293628805
202208120030,3.148077700831025
202208120040,3.1494417590027703
202208120050,3.150838296398892
202208120100,3.152269736842105
202208120110,3.153739058171745
202208120120,3.1552494459833795
202208120130,3.156804085872576
202208120140,3.1584056094182826
202208120150,3.160056648199446
202208120200,3.161759349030471
202208120210,3.1635157894736845
202208120220,3.1653277700831026
202208120230,3.16719688365651
202208120240,3.1691246537396123
202208120250,3.1711123268698063
202208120300,3.1731610110803325
202208120310,3.175271537396122
202208120320,3.1774444598337954
202208120330,3.179680263157895
202208120340,3.1819653370013756
202208120350,3.184310660247593
202208120400,3.186718363136176
202208120410,3.1891879642365892
202208120420,3.1917189821182945
202208120430,3.194310591471802
202208120440,3.196961829436039
202208120450,3.199671251719395
202208120500,3.2024373452544705
202208120510,3.2052585281980743
202208120520,3.2081330811554336
202208120530,3.2110592159559834
202208120540,3.2140353507565336
202208120550,3.217060110041266
202208120600,3.2201320495185697
202208120610,3.223250206327373
202208120620,3.2264137551581844
202208120630,3.229622214580468
202208120640,3.2328559426229506
202208120650,3.236132035519126
202208120700,3.2394537568306014
202208120710,3.2428218579234973
202208120720,3.2462371584699454
202208120730,3.2497002732240436
202208120740,3.253211407103825
202208120750,3.2567705601092896
202208120800,3.2603771174863385
202208120810,3.2640303278688525
202208120820,3.267728893442623
202208120830,3.271471653005464
202208120840,3.275257240437158
202208120850,3.2790840846994533
202208120900,3.282931139755766
202208120910,3.286810651289009
202208120920,3.290727951153324
202208120930,3.294682428765264
202208120940,3.298673541383989
202208120950,3.3027009497964723
202208121000,3.3067645861601083
202208121010,3.310864518317503
202208121020,3.3150008819538668
202208121030,3.3191738127544097
202208121040,3.3233835142469474
202208121050,3.3276301899592946
202208121100,3.331901145552561
202208121110,3.3361932614555254
202208121120,3.3405225067385445
202208121130,3.344889218328841
202208121140,3.349293396226415
202208121150,3.353735242587601
202208121200,3.358214757412399
202208121210,3.3627319407008085
202208121220,3.3672867250673852
202208121230,3.3718790431266843
202208121240,3.376508962264151
202208121250,3.3811685408299863
202208121300,3.3858421686746984
202208121310,3.3905533467202145
202208121320,3.3953024765729585
202208121330,3.4000898259705488
202208121340,3.4049158634538155
202208121350,3.409781057563588
202208121400,3.414685876840696
202208121410,3.419630655957162
202208121420,3.424615796519411
202208121430,3.429641499330656
202208121440,3.434676728723404
202208121450,3.4397504654255315
202208121500,3.4448655585106382
202208121510,3.4500228058510634
202208121520,3.4552232712765956
202208121530,3.4604681515957445
202208121540,3.4657587765957443
202208121550,3.4710962101063827
202208121600,3.4764811170212764
202208121610,3.4819013870541613
202208121620,3.4873457727873185
202208121630,3.4928368560105683
202208121640,3.498373645970938
202208121650,3.5039544253632764
202208121700,3.509577410832233
202208121710,3.5152406208718623
202208121720,3.5209418097754295
202208121730,3.5266787978863934
202208121740,3.532436399474376
202208121750,3.5382078186596586
202208121800,3.5440083442838373
202208121810,3.549836136662287
202208121820,3.555689290407359
202208121830,3.5615662943495403
202208121840,3.567465505913272
202208121850,3.5733855453350856
202208121900,3.5793252299605784
202208121910,3.5852420469361146
202208121920,3.5911707953063883
202208121930,3.5971158409387223
202208121940,3.603076336375489
202208121950,3.6090513037809644
202208122000,3.615040026075619
202208122010,3.6210416558018252
202208122020,3.6270550847457628
202208122030,3.633063164721141
202208122040,3.63906504539559
202208122050,3.6450737354085603
202208122100,3.651086381322957
202208122110,3.6570996108949414
202208122120,3.663109792477302
202208122130,3.6691133592736707
202208122140,3.675107263294423
202208122150,3.6810826030927837
202208122200,3.687013208762887
202208122210,3.692930412371134
202208122220,3.698834793814433
202208122230,3.704727319587629
202208122240,3.710609342783505
202208122250,3.7164827963917526
202208122300,3.7223494845360823
202208122310,3.728210631443299
202208122320,3.7340393725992316
202208122330,3.7398528169014087
202208122340,3.7456521126760562
202208122350,3.751430281690141
202208130000,3.7571755441741357
