Datetime,P00001,P00002,P00003,P00004,P00005,P00006,P00007,P00008,P00009,P00010,P00011,P00012,P00013,P00014,P00015,P00016
202207270000,0.016,0.013,0.013,0.014,0.048,0.07,0.014,0.012,0.075,0.048,0.042,0.063,0.031,0.044,0.015,0.034
202207270030,0.025,0.013,0.014,0.018,0.109,0.122,0.017,0.025,0.211,0.06,0.133,0.186,0.103,0.058,0.025,0.051
202207270100,0.025,0.013,0.014,0.018,0.109,0.122,0.017,0.025,0.211,0.06,0.133,0.186,0.103,0.058,0.025,0.051
202207270130,0.025,0.013,0.014,0.018,0.109,0.122,0.017,0.025,0.211,0.06,0.133,0.186,0.103,0.058,0.025,0.051
202207270200,0.025,0.013,0.014,0.018,0.109,0.122,0.017,0.025,0.211,0.06,0.133,0.186,0.103,0.058,0.025,0.051
202207270230,0.025,0.013,0.014,0.018,0.109,0.122,0.017,0.025,0.211,0.06,0.133,0.186,0.103,0.058,0.025,0.051
202207270300,0.025,0.013,0.014,0.018,0.109,0.122,0.017,0.025,0.211,0.06,0.133,0.186,0.103,0.058,0.025,0.051
202207270330,0.025,0.013,0.014,0.018,0.109,0.122,0.017,0.025,0.211,0.06,0.133,0.186,0.103,0.058,0.025,0.051
202207270400,0.025,0.013,0.014,0.018,0.109,0.122,0.017,0.025,0.211,0.06,0.133,0.186,0.103,0.058,0.025,0.051
202207270430,0.025,0.013,0.014,0.018,0.109,0.122,0.017,0.025,0.211,0.06,0.133,0.186,0.103,0.058,0.025,0.051
202207270500,0.025,0.013,0.014,0.018,0.109,0.122,0.017,0.025,0.211,0.06,0.133,0.186,0.103,0.058,0.025,0.051
202207270530,0.025,0.013,0.014,0.018,0.109,0.122,0.017,0.025,0.211,0.06,0.133,0.186,0.103,0.058,0.025,0.051
202207270600,0.025,0.013,0.014,0.018,0.109,0.122,0.017,0.025,0.211,0.06,0.133,0.186,0.103,0.058,0.025,0.051
202207270630,0.025,0.013,0.014,0.018,0.109,0.122,0.017,0.025,0.211,0.06,0.133,0.186,0.103,0.058,0.025,0.051
202207270700,0.025,0.013,0.014,0.018,0.109,0.122,0.017,0.025,0.211,0.06,0.133,0.186,0.103,0.058,0.025,0.051
202207270730,0.025,0.013,0.014,0.018,0.109,0.122,0.017,0.025,0.211,0.06,0.133,0.186,0.103,0.058,0.025,0.051
202207270800,0.025,0.013,0.014,0.018,0.109,0.122,0.017,0.025,0.211,0.06,0.133,0.186,0.103,0.058,0.025,0.051
202207270830,0.025,0.013,0.014,0.018,0.109,0.122,0.017,0.025,0.211,0.06,0.133,0.186,0.103,0.058,0.025,0.051
202207270900,0.025,0.013,0.014,0.018,0.109,0.122,0.017,0.025,0.211,0.06,0.133,0.186,0.103,0.058,0.025,0.051
202207270930,0.025,0.013,0.014,0.018,0.109,0.122,0.017,0.025,0.211,0.06,0.133,0.186,0.103,0.058,0.025,0.051
202207271000,0.025,0.013,0.014,0.018,0.109,0.122,0.017,0.025,0.211,0.06,0.133,0.186,0.103,0.058,0.025,0.051
202207271030,0.025,0.013,0.014,0.018,0.109,0.122,0.017,0.025,0.211,0.06,0.133,0.186,0.103,0.058,0.025,0.051
202207271100,0.025,0.013,0.014,0.018,0.109,0.122,0.017,0.025,0.211,0.06,0.133,0.186,0.103,0.058,0.025,0.051
202207271130,0.025,0.013,0.014,0.018,0.109,0.122,0.017,0.025,0.211,0.06,0.133,0.186,0.103,0.058,0.025,0.051
202207271200,0.025,0.013,0.014,0.018,0.109,0.122,0.017,0.025,0.211,0.06,0.133,0.186,0.103,0.058,0.025,0.051
202207271230,0.025,0.013,0.014,0.018,0.109,0.122,0.017,0.025,0.211,0.06,0.133,0.186,0.103,0.058,0.025,0.051
202207271300,0.025,0.013,0.014,0.018,0.109,0.122,0.017,0.025,0.211,0.06,0.133,0.186,0.103,0.058,0.025,0.051
202207271330,0.025,0.013,0.014,0.018,0.109,0.122,0.017,0.025,0.211,0.06,0.133,0.186,0.103,0.058,0.025,0.051
202207271400,0.025,0.013,0.014,0.018,0.109,0.122,0.017,0.025,0.211,0.06,0.133,0.186,0.103,0.058,0.025,0.051
202207271430,0.025,0.013,0.014,0.018,0.109,0.122,0.017,0.025,0.211,0.06,0.133,0.186,0.103,0.058,0.025,0.051
202207271500,0.025,0.013,0.014,0.018,0.109,0.122,0.017,0.025,0.211,0.06,0.133,0.186,0.103,0.058,0.025,0.051
202207271530,0.025,0.013,0.014,0.018,0.109,0.122,0.017,0.025,0.211,0.06,0.133,0.186,0.103,0.058,0.025,0.051
202207271600,0.025,0.013,0.014,0.018,0.109,0.122,0.017,0.025,0.211,0.06,0.133,0.186,0.103,0.058,0.025,0.051
202207271630,0.025,0.013,0.014,0.018,0.109,0.122,0.017,0.025,0.211,0.06,0.133,0.186,0.103,0.058,0.025,0.051
202207271700,0.025,0.013,0.014,0.018,0.109,0.122,0.017,0.025,0.211,0.06,0.133,0.186,0.103,0.058,0.025,0.051
202207271730,0.025,0.013,0.014,0.018,0.109,0.122,0.017,0.025,0.211,0.06,0.133,0.186,0.103,0.058,0.025,0.051
202207271800,0.025,0.013,0.014,0.018,0.109,0.122,0.017,0.025,0.211,0.06,0.133,0.186,0.103,0.058,0.025,0.051
202207271830,0.025,0.013,0.014,0.018,0.109,0.122,0.017,0.025,0.211,0.06,0.133,0.186,0.103,0.058,0.025,0.051
202207271900,0.025,0.013,0.014,0.018,0.109,0.122,0.017,0.025,0.211,0.06,0.133,0.186,0.103,0.058,0.025,0.051
202207271930,0.025,0.013,0.014,0.018,0.109,0.122,0.017,0.025,0.211,0.06,0.133,0.186,0.103,0.058,0.025,0.051
202207272000,0.025,0.013,0.014,0.018,0.109,0.122,0.017,0.025,0.211,0.06,0.133,0.186,0.103,0.058,0.025,0.051
202207272030,0.025,0.013,0.014,0.018,0.109,0.122,0.017,0.025,0.211,0.06,0.133,0.186,0.103,0.058,0.025,0.051
202207272100,0.025,0.013,0.014,0.018,0.109,0.122,0.017,0.025,0.211,0.06,0.133,0.186,0.103,0.058,0.025,0.051
202207272130,0.025,0.013,0.014,0.018,0.109,0.122,0.017,0.025,0.211,0.06,0.133,0.186,0.103,0.058,0.025,0.051
202207272200,0.025,0.013,0.014,0.018,0.109,0.122,0.017,0.025,0.211,0.06,0.133,0.186,0.103,0.058,0.025,0.051
202207272230,0.025,0.013,0.014,0.018,0.109,0.122,0.017,0.025,0.211,0.06,0.133,0.186,0.103,0.058,0.025,0.051
202207272300,0.025,0.013,0.014,0.018,0.109,0.122,0.017,0.025,0.211,0.06,0.133,0.186,0.103,0.058,0.025,0.051
202207272330,0.025,0.013,0.014,0.018,0.109,0.122,0.017,0.025,0.211,0.06,0.133,0.186,0.103,0.058,0.025,0.051
202207280000,0.025,0.013,0.014,0.018,0.109,0.122,0.017,0.025,0.211,0.06,0.133,0.186,0.103,0.058,0.025,0.051
202207280030,0.172,0.126,0.136,0.077,0.243,0.168,0.083,0.17,0.331,0.132,0.321,0.339,0.302,0.131,0.134,0.124
202207280100,0.172,0.126,0.136,0.077,0.243,0.168,0.083,0.17,0.331,0.132,0.321,0.339,0.302,0.131,0.134,0.124
202207280130,0.172,0.126,0.136,0.077,0.243,0.168,0.083,0.17,0.331,0.132,0.321,0.339,0.302,0.131,0.134,0.124
202207280200,0.172,0.126,0.136,0.077,0.243,0.168,0.083,0.17,0.331,0.132,0.321,0.339,0.302,0.131,0.134,0.124
202207280230,0.172,0.126,0.136,0.077,0.243,0.168,0.083,0.17,0.331,0.132,0.321,0.339,0.302,0.131,0.134,0.124
202207280300,0.172,0.126,0.136,0.077,0.243,0.168,0.083,0.17,0.331,0.132,0.321,0.339,0.302,0.131,0.134,0.124
202207280330,0.172,0.126,0.136,0.077,0.243,0.168,0.083,0.17,0.331,0.132,0.321,0.339,0.302,0.131,0.134,0.124
202207280400,0.172,0.126,0.136,0.077,0.243,0.168,0.083,0.17,0.331,0.132,0.321,0.339,0.302,0.131,0.134,0.124
202207280430,0.172,0.126,0.136,0.077,0.243,0.168,0.083,0.17,0.331,0.132,0.321,0.339,0.302,0.131,0.134,0.124
202207280500,0.172,0.126,0.136,0.077,0.243,0.168,0.083,0.17,0.331,0.132,0.321,0.339,0.302,0.131,0.134,0.124
202207280530,0.172,0.126,0.136,0.077,0.243,0.168,0.083,0.17,0.331,0.132,0.321,0.339,0.302,0.131,0.134,0.124
202207280600,0.172,0.126,0.136,0.077,0.243,0.168,0.083,0.17,0.331,0.132,0.321,0.339,0.302,0.131,0.134,0.124
202207280630,0.172,0.126,0.136,0.077,0.243,0.168,0.083,0.17,0.331,0.132,0.321,0.339,0.302,0.131,0.134,0.124
202207280700,0.172,0.126,0.136,0.077,0.243,0.168,0.083,0.17,0.331,0.132,0.321,0.339,0.302,0.131,0.134,0.124
202207280730,0.172,0.126,0.136,0.077,0.243,0.168,0.083,0.17,0.331,0.132,0.321,0.339,0.302,0.131,0.134,0.124
202207280800,0.172,0.126,0.136,0.077,0.243,0.168,0.083,0.17,0.331,0.132,0.321,0.339,0.302,0.131,0.134,0.124
202207280830,0.172,0.126,0.136,0.077,0.243,0.168,0.083,0.17,0.331,0.132,0.321,0.339,0.302,0.131,0.134,0.124
202207280900,0.172,0.126,0.136,0.077,0.243,0.168,0.083,0.17,0.331,0.132,0.321,0.339,0.302,0.131,0.134,0.124
202207280930,0.172,0.126,0.136,0.077,0.243,0.168,0.083,0.17,0.331,0.132,0.321,0.339,0.302,0.131,0.134,0.124
202207281000,0.172,0.126,0.136,0.077,0.243,0.168,0.083,0.17,0.331,0.132,0.321,0.339,0.302,0.131,0.134,0.124
202207281030,0.172,0.126,0.136,0.077,0.243,0.168,0.083,0.17,0.331,0.132,0.321,0.339,0.302,0.131,0.134,0.124
202207281100,0.172,0.126,0.136,0.077,0.243,0.168,0.083,0.17,0.331,0.132,0.321,0.339,0.302,0.131,0.134,0.124
202207281130,0.172,0.126,0.136,0.077,0.243,0.168,0.083,0.17,0.331,0.132,0.321,0.339,0.302,0.131,0.134,0.124
202207281200,0.172,0.126,0.136,0.077,0.243,0.168,0.083,0.17,0.331,0.132,0.321,0.339,0.302,0.131,0.134,0.124
202207281230,0.172,0.126,0.136,0.077,0.243,0.168,0.083,0.17,0.331,0.132,0.321,0.339,0.302,0.131,0.134,0.124
202207281300,0.172,0.126,0.136,0.077,0.243,0.168,0.083,0.17,0.331,0.132,0.321,0.339,0.302,0.131,0.134,0.124
202207281330,0.172,0.126,0.136,0.077,0.243,0.168,0.083,0.17,0.331,0.132,0.321,0.339,0.302,0.131,0.134,0.124
202207281400,0.172,0.126,0.136,0.077,0.243,0.168,0.083,0.17,0.331,0.132,0.321,0.339,0.302,0.131,0.134,0.124
202207281430,0.172,0.126,0.136,0.077,0.243,0.168,0.083,0.17,0.331,0.132,0.321,0.339,0.302,0.131,0.134,0.124
202207281500,0.172,0.126,0.136,0.077,0.243,0.168,0.083,0.17,0.331,0.132,0.321,0.339,0.302,0.131,0.134,0.124
202207281530,0.172,0.126,0.136,0.077,0.243,0.168,0.083,0.17,0.331,0.132,0.321,0.339,0.302,0.131,0.134,0.124
202207281600,0.172,0.126,0.136,0.077,0.243,0.168,0.083,0.17,0.331,0.132,0.321,0.339,0.302,0.131,0.134,0.124
202207281630,0.172,0.126,0.136,0.077,0.243,0.168,0.083,0.17,0.331,0.132,0.321,0.339,0.302,0.131,0.134,0.124
202207281700,0.172,0.126,0.136,0.077,0.243,0.168,0.083,0.17,0.331,0.132,0.321,0.339,0.302,0.131,0.134,0.124
202207281730,0.172,0.126,0.136,0.077,0.243,0.168,0.083,0.17,0.331,0.132,0.321,0.339,0.302,0.131,0.134,0.124
202207281800,0.172,0.126,0.136,0.077,0.243,0.168,0.083,0.17,0.331,0.132,0.321,0.339,0.302,0.131,0.134,0.124
202207281830,0.172,0.126,0.136,0.077,0.243,0.168,0.083,0.17,0.331,0.132,0.321,0.339,0.302,0.131,0.134,0.124
202207281900,0.172,0.126,0.136,0.077,0.243,0.168,0.083,0.17,0.331,0.132,0.321,0.339,0.302,0.131,0.134,0.124
202207281930,0.172,0.126,0.136,0.077,0.243,0.168,0.083,0.17,0.331,0.132,0.321,0.339,0.302,0.131,0.134,0.124
202207282000,0.172,0.126,0.136,0.077,0.243,0.168,0.083,0.17,0.331,0.132,0.321,0.339,0.302,0.131,0.134,0.124
202207282030,0.172,0.126,0.136,0.077,0.243,0.168,0.083,0.17,0.331,0.132,0.321,0.339,0.302,0.131,0.134,0.124
202207282100,0.172,0.126,0.136,0.077,0.243,0.168,0.083,0.17,0.331,0.132,0.321,0.339,0.302,0.131,0.134,0.124
202207282130,0.172,0.126,0.136,0.077,0.243,0.168,0.083,0.17,0.331,0.132,0.321,0.339,0.302,0.131,0.134,0.124
202207282200,0.172,0.126,0.136,0.077,0.243,0.168,0.083,0.17,0.331,0.132,0.321,0.339,0.302,0.131,0.134,0.124
202207282230,0.172,0.126,0.136,0.077,0.243,0.168,0.083,0.17,0.331,0.132,0.321,0.339,0.302,0.131,0.134,0.124
202207282300,0.172,0.126,0.136,0.077,0.243,0.168,0.083,0.17,0.331,0.132,0.321,0.339,0.302,0.131,0.134,0.124
202207282330,0.172,0.126,0.136,0.077,0.243,0.168,0.083,0.17,0.331,0.132,0.321,0.339,0.302,0.131,0.134,0.124
202207290000,0.172,0.126,0.136,0.077,0.243,0.168,0.083,0.17,0.331,0.132,0.321,0.339,0.302,0.131,0.134,0.124
202207290030,0.13,0.157,0.152,0.161,0.103,0.076,0.164,0.158,0.091,0.149,0.094,0.09,0.098,0.144,0.169,0.133
202207290100,0.13,0.157,0.152,0.161,0.103,0.076,0.164,0.158,0.091,0.149,0.094,0.09,0.098,0.144,0.169,0.133
202207290130,0.13,0.157,0.152,0.161,0.103,0.076,0.164,0.158,0.091,0.149,0.094,0.09,0.098,0.144,0.169,0.133
202207290200,0.13,0.157,0.152,0.161,0.103,0.076,0.164,0.158,0.091,0.149,0.094,0.09,0.098,0.144,0.169,0.133
202207290230,0.13,0.157,0.152,0.161,0.103,0.076,0.164,0.158,0.091,0.149,0.094,0.09,0.098,0.144,0.169,0.133
202207290300,0.13,0.157,0.152,0.161,0.103,0.076,0.164,0.158,0.091,0.149,0.094,0.09,0.098,0.144,0.169,0.133
202207290330,0.13,0.157,0.152,0.161,0.103,0.076,0.164,0.158,0.091,0.149,0.094,0.09,0.098,0.144,0.169,0.133
202207290400,0.13,0.157,0.152,0.161,0.103,0.076,0.164,0.158,0.091,0.149,0.094,0.09,0.098,0.144,0.169,0.133
202207290430,0.13,0.157,0.152,0.161,0.103,0.076,0.164,0.158,0.091,0.149,0.094,0.09,0.098,0.144,0.169,0.133
202207290500,0.13,0.157,0.152,0.161,0.103,0.076,0.164,0.158,0.091,0.149,0.094,0.09,0.098,0.144,0.169,0.133
202207290530,0.13,0.157,0.152,0.161,0.103,0.076,0.164,0.158,0.091,0.149,0.094,0.09,0.098,0.144,0.169,0.133
202207290600,0.13,0.157,0.152,0.161,0.103,0.076,0.164,0.158,0.091,0.149,0.094,0.09,0.098,0.144,0.169,0.133
202207290630,0.13,0.157,0.152,0.161,0.103,0.076,0.164,0.158,0.091,0.149,0.094,0.09,0.098,0.144,0.169,0.133
202207290700,0.13,0.157,0.152,0.161,0.103,0.076,0.164,0.158,0.091,0.149,0.094,0.09,0.098,0.144,0.169,0.133
202207290730,0.13,0.157,0.152,0.161,0.103,0.076,0.164,0.158,0.091,0.149,0.094,0.09,0.098,0.144,0.169,0.133
202207290800,0.13,0.157,0.152,0.161,0.103,0.076,0.164,0.158,0.091,0.149,0.094,0.09,0.098,0.144,0.169,0.133
202207290830,0.13,0.157,0.152,0.161,0.103,0.076,0.164,0.158,0.091,0.149,0.094,0.09,0.098,0.144,0.169,0.133
202207290900,0.13,0.157,0.152,0.161,0.103,0.076,0.164,0.158,0.091,0.149,0.094,0.09,0.098,0.144,0.169,0.133
202207290930,0.13,0.157,0.152,0.161,0.103,0.076,0.164,0.158,0.091,0.149,0.094,0.09,0.098,0.144,0.169,0.133
202207291000,0.13,0.157,0.152,0.161,0.103,0.076,0.164,0.158,0.091,0.149,0.094,0.09,0.098,0.144,0.169,0.133
202207291030,0.13,0.157,0.152,0.161,0.103,0.076,0.164,0.158,0.091,0.149,0.094,0.09,0.098,0.144,0.169,0.133
202207291100,0.13,0.157,0.152,0.161,0.103,0.076,0.164,0.158,0.091,0.149,0.094,0.09,0.098,0.144,0.169,0.133
202207291130,0.13,0.157,0.152,0.161,0.103,0.076,0.164,0.158,0.091,0.149,0.094,0.09,0.098,0.144,0.169,0.133
202207291200,0.13,0.157,0.152,0.161,0.103,0.076,0.164,0.158,0.091,0.149,0.094,0.09,0.098,0.144,0.169,0.133
202207291230,0.13,0.157,0.152,0.161,0.103,0.076,0.164,0.158,0.091,0.149,0.094,0.09,0.098,0.144,0.169,0.133
202207291300,0.13,0.157,0.152,0.161,0.103,0.076,0.164,0.158,0.091,0.149,0.094,0.09,0.098,0.144,0.169,0.133
202207291330,0.13,0.157,0.152,0.161,0.103,0.076,0.164,0.158,0.091,0.149,0.094,0.09,0.098,0.144,0.169,0.133
202207291400,0.13,0.157,0.152,0.161,0.103,0.076,0.164,0.158,0.091,0.149,0.094,0.09,0.098,0.144,0.169,0.133
202207291430,0.13,0.157,0.152,0.161,0.103,0.076,0.164,0.158,0.091,0.149,0.094,0.09,0.098,0.144,0.169,0.133
202207291500,0.13,0.157,0.152,0.161,0.103,0.076,0.164,0.158,0.091,0.149,0.094,0.09,0.098,0.144,0.169,0.133
202207291530,0.13,0.157,0.152,0.161,0.103,0.076,0.164,0.158,0.091,0.149,0.094,0.09,0.098,0.144,0.169,0.133
202207291600,0.13,0.157,0.152,0.161,0.103,0.076,0.164,0.158,0.091,0.149,0.094,0.09,0.098,0.144,0.169,0.133
202207291630,0.13,0.157,0.152,0.161,0.103,0.076,0.164,0.158,0.091,0.149,0.094,0.09,0.098,0.144,0.169,0.133
202207291700,0.13,0.157,0.152,0.161,0.103,0.076,0.164,0.158,0.091,0.149,0.094,0.09,0.098,0.144,0.169,0.133
202207291730,0.13,0.157,0.152,0.161,0.103,0.076,0.164,0.158,0.091,0.149,0.094,0.09,0.098,0.144,0.169,0.133
202207291800,0.13,0.157,0.152,0.161,0.103,0.076,0.164,0.158,0.091,0.149,0.094,0.09,0.098,0.144,0.169,0.133
202207291830,0.13,0.157,0.152,0.161,0.103,0.076,0.164,0.158,0.091,0.149,0.094,0.09,0.098,0.144,0.169,0.133
202207291900,0.13,0.157,0.152,0.161,0.103,0.076,0.164,0.158,0.091,0.149,0.094,0.09,0.098,0.144,0.169,0.133
202207291930,0.13,0.157,0.152,0.161,0.103,0.076,0.164,0.158,0.091,0.149,0.094,0.09,0.098,0.144,0.169,0.133
202207292000,0.13,0.157,0.152,0.161,0.103,0.076,0.164,0.158,0.091,0.149,0.094,0.09,0.098,0.144,0.169,0.133
202207292030,0.13,0.157,0.152,0.161,0.103,0.076,0.164,0.158,0.091,0.149,0.094,0.09,0.098,0.144,0.169,0.133
202207292100,0.13,0.157,0.152,0.161,0.103,0.076,0.164,0.158,0.091,0.149,0.094,0.09,0.098,0.144,0.169,0.133
202207292130,0.13,0.157,0.152,0.161,0.103,0.076,0.164,0.158,0.091,0.149,0.094,0.09,0.098,0.144,0.169,0.133
202207292200,0.13,0.157,0.152,0.161,0.103,0.076,0.164,0.158,0.091,0.149,0.094,0.09,0.098,0.144,0.169,0.133
202207292230,0.13,0.157,0.152,0.161,0.103,0.076,0.164,0.158,0.091,0.149,0.094,0.09,0.098,0.144,0.169,0.133
202207292300,0.13,0.157,0.152,0.161,0.103,0.076,0.164,0.158,0.091,0.149,0.094,0.09,0.098,0.144,0.169,0.133
202207292330,0.13,0.157,0.152,0.161,0.103,0.076,0.164,0.158,0.091,0.149,0.094,0.09,0.098,0.144,0.169,0.133
202207300000,0.13,0.157,0.152,0.161,0.103,0.076,0.164,0.158,0.091,0.149,0.094,0.09,0.098,0.144,0.169,0.133
202207300030,0.478,0.532,0.521,0.585,0.259,0.179,0.578,0.495,0.191,0.492,0.301,0.218,0.347,0.5,0.518,0.521
202207300100,0.478,0.532,0.521,0.585,0.259,0.179,0.578,0.495,0.191,0.492,0.301,0.218,0.347,0.5,0.518,0.521
202207300130,0.478,0.532,0.521,0.585,0.259,0.179,0.578,0.495,0.191,0.492,0.301,0.218,0.347,0.5,0.518,0.521
202207300200,0.478,0.532,0.521,0.585,0.259,0.179,0.578,0.495,0.191,0.492,0.301,0.218,0.347,0.5,0.518,0.521
202207300230,0.478,0.532,0.521,0.585,0.259,0.179,0.578,0.495,0.191,0.492,0.301,0.218,0.347,0.5,0.518,0.521
202207300300,0.478,0.532,0.521,0.585,0.259,0.179,0.578,0.495,0.191,0.492,0.301,0.218,0.347,0.5,0.518,0.521
202207300330,0.478,0.532,0.521,0.585,0.259,0.179,0.578,0.495,0.191,0.492,0.301,0.218,0.347,0.5,0.518,0.521
202207300400,0.478,0.532,0.521,0.585,0.259,0.179,0.578,0.495,0.191,0.492,0.301,0.218,0.347,0.5,0.518,0.521
202207300430,0.478,0.532,0.521,0.585,0.259,0.179,0.578,0.495,0.191,0.492,0.301,0.218,0.347,0.5,0.518,0.521
202207300500,0.478,0.532,0.521,0.585,0.259,0.179,0.578,0.495,0.191,0.492,0.301,0.218,0.347,0.5,0.518,0.521
202207300530,0.478,0.532,0.521,0.585,0.259,0.179,0.578,0.495,0.191,0.492,0.301,0.218,0.347,0.5,0.518,0.521
202207300600,0.478,0.532,0.521,0.585,0.259,0.179,0.578,0.495,0.191,0.492,0.301,0.218,0.347,0.5,0.518,0.521
202207300630,0.478,0.532,0.521,0.585,0.259,0.179,0.578,0.495,0.191,0.492,0.301,0.218,0.347,0.5,0.518,0.521
202207300700,0.478,0.532,0.521,0.585,0.259,0.179,0.578,0.495,0.191,0.492,0.301,0.218,0.347,0.5,0.518,0.521
202207300730,0.478,0.532,0.521,0.585,0.259,0.179,0.578,0.495,0.191,0.492,0.301,0.218,0.347,0.5,0.518,0.521
202207300800,0.478,0.532,0.521,0.585,0.259,0.179,0.578,0.495,0.191,0.492,0.301,0.218,0.347,0.5,0.518,0.521
202207300830,0.478,0.532,0.521,0.585,0.259,0.179,0.578,0.495,0.191,0.492,0.301,0.218,0.347,0.5,0.518,0.521
202207300900,0.478,0.532,0.521,0.585,0.259,0.179,0.578,0.495,0.191,0.492,0.301,0.218,0.347,0.5,0.518,0.521
202207300930,0.478,0.532,0.521,0.585,0.259,0.179,0.578,0.495,0.191,0.492,0.301,0.218,0.347,0.5,0.518,0.521
202207301000,0.478,0.532,0.521,0.585,0.259,0.179,0.578,0.495,0.191,0.492,0.301,0.218,0.347,0.5,0.518,0.521
202207301030,0.478,0.532,0.521,0.585,0.259,0.179,0.578,0.495,0.191,0.492,0.301,0.218,0.347,0.5,0.518,0.521
202207301100,0.478,0.532,0.521,0.585,0.259,0.179,0.578,0.495,0.191,0.492,0.301,0.218,0.347,0.5,0.518,0.521
202207301130,0.478,0.532,0.521,0.585,0.259,0.179,0.578,0.495,0.191,0.492,0.301,0.218,0.347,0.5,0.518,0.521
202207301200,0.478,0.532,0.521,0.585,0.259,0.179,0.578,0.495,0.191,0.492,0.301,0.218,0.347,0.5,0.518,0.521
202207301230,0.478,0.532,0.521,0.585,0.259,0.179,0.578,0.495,0.191,0.492,0.301,0.218,0.347,0.5,0.518,0.521
202207301300,0.478,0.532,0.521,0.585,0.259,0.179,0.578,0.495,0.191,0.492,0.301,0.218,0.347,0.5,0.518,0.521
202207301330,0.478,0.532,0.521,0.585,0.259,0.179,0.578,0.495,0.191,0.492,0.301,0.218,0.347,0.5,0.518,0.521
202207301400,0.478,0.532,0.521,0.585,0.259,0.179,0.578,0.495,0.191,0.492,0.301,0.218,0.347,0.5,0.518,0.521
202207301430,0.478,0.532,0.521,0.585,0.259,0.179,0.578,0.495,0.191,0.492,0.301,0.218,0.347,0.5,0.518,0.521
202207301500,0.478,0.532,0.521,0.585,0.259,0.179,0.578,0.495,0.191,0.492,0.301,0.218,0.347,0.5,0.518,0.521
202207301530,0.478,0.532,0.521,0.585,0.259,0.179,0.578,0.495,0.191,0.492,0.301,0.218,0.347,0.5,0.518,0.521
202207301600,0.478,0.532,0.521,0.585,0.259,0.179,0.578,0.495,0.191,0.492,0.301,0.218,0.347,0.5,0.518,0.521
202207301630,0.478,0.532,0.521,0.585,0.259,0.179,0.578,0.495,0.191,0.492,0.301,0.218,0.347,0.5,0.518,0.521
202207301700,0.478,0.532,0.521,0.585,0.259,0.179,0.578,0.495,0.191,0.492,0.301,0.218,0.347,0.5,0.518,0.521
202207301730,0.478,0.532,0.521,0.585,0.259,0.179,0.578,0.495,0.191,0.492,0.301,0.218,0.347,0.5,0.518,0.521
202207301800,0.478,0.532,0.521,0.585,0.259,0.179,0.578,0.495,0.191,0.492,0.301,0.218,0.347,0.5,0.518,0.521
202207301830,0.478,0.532,0.521,0.585,0.259,0.179,0.578,0.495,0.191,0.492,0.301,0.218,0.347,0.5,0.518,0.521
202207301900,0.478,0.532,0.521,0.585,0.259,0.179,0.578,0.495,0.191,0.492,0.301,0.218,0.347,0.5,0.518,0.521
202207301930,0.478,0.532,0.521,0.585,0.259,0.179,0.578,0.495,0.191,0.492,0.301,0.218,0.347,0.5,0.518,0.521
202207302000,0.478,0.532,0.521,0.585,0.259,0.179,0.578,0.495,0.191,0.492,0.301,0.218,0.347,0.5,0.518,0.521
202207302030,0.478,0.532,0.521,0.585,0.259,0.179,0.578,0.495,0.191,0.492,0.301,0.218,0.347,0.5,0.518,0.521
202207302100,0.478,0.532,0.521,0.585,0.259,0.179,0.578,0.495,0.191,0.492,0.301,0.218,0.347,0.5,0.518,0.521
202207302130,0.478,0.532,0.521,0.585,0.259,0.179,0.578,0.495,0.191,0.492,0.301,0.218,0.347,0.5,0.518,0.521
202207302200,0.478,0.532,0.521,0.585,0.259,0.179,0.578,0.495,0.191,0.492,0.301,0.218,0.347,0.5,0.518,0.521
202207302230,0.478,0.532,0.521,0.585,0.259,0.179,0.578,0.495,0.191,0.492,0.301,0.218,0.347,0.5,0.518,0.521
202207302300,0.478,0.532,0.521,0.585,0.259,0.179,0.578,0.495,0.191,0.492,0.301,0.218,0.347,0.5,0.518,0.521
202207302330,0.478,0.532,0.521,0.585,0.259,0.179,0.578,0.495,0.191,0.492,0.301,0.218,0.347,0.5,0.518,0.521
202207310000,0.478,0.532,0.521,0.585,0.259,0.179,0.578,0.495,0.191,0.492,0.301,0.218,0.347,0.5,0.518,0.521
202207310030,0.49,0.484,0.48,0.531,0.499,0.417,0.528,0.615,0.417,0.579,0.502,0.446,0.535,0.585,0.639,0.588
202207310100,0.49,0.484,0.48,0.531,0.499,0.417,0.528,0.615,0.417,0.579,0.502,0.446,0.535,0.585,0.639,0.588
202207310130,0.49,0.484,0.48,0.531,0.499,0.417,0.528,0.615,0.417,0.579,0.502,0.446,0.535,0.585,0.639,0.588
202207310200,0.49,0.484,0.48,0.531,0.499,0.417,0.528,0.615,0.417,0.579,0.502,0.446,0.535,0.585,0.639,0.588
202207310230,0.49,0.484,0.48,0.531,0.499,0.417,0.528,0.615,0.417,0.579,0.502,0.446,0.535,0.585,0.639,0.588
202207310300,0.49,0.484,0.48,0.531,0.499,0.417,0.528,0.615,0.417,0.579,0.502,0.446,0.535,0.585,0.639,0.588
202207310330,0.49,0.484,0.48,0.531,0.499,0.417,0.528,0.615,0.417,0.579,0.502,0.446,0.535,0.585,0.639,0.588
202207310400,0.49,0.484,0.48,0.531,0.499,0.417,0.528,0.615,0.417,0.579,0.502,0.446,0.535,0.585,0.639,0.588
202207310430,0.49,0.484,0.48,0.531,0.499,0.417,0.528,0.615,0.417,0.579,0.502,0.446,0.535,0.585,0.639,0.588
202207310500,0.49,0.484,0.48,0.531,0.499,0.417,0.528,0.615,0.417,0.579,0.502,0.446,0.535,0.585,0.639,0.588
202207310530,0.49,0.484,0.48,0.531,0.499,0.417,0.528,0.615,0.417,0.579,0.502,0.446,0.535,0.585,0.639,0.588
202207310600,0.49,0.484,0.48,0.531,0.499,0.417,0.528,0.615,0.417,0.579,0.502,0.446,0.535,0.585,0.639,0.588
202207310630,0.49,0.484,0.48,0.531,0.499,0.417,0.528,0.615,0.417,0.579,0.502,0.446,0.535,0.585,0.639,0.588
202207310700,0.49,0.484,0.48,0.531,0.499,0.417,0.528,0.615,0.417,0.579,0.502,0.446,0.535,0.585,0.639,0.588
202207310730,0.49,0.484,0.48,0.531,0.499,0.417,0.528,0.615,0.417,0.579,0.502,0.446,0.535,0.585,0.639,0.588
202207310800,0.49,0.484,0.48,0.531,0.499,0.417,0.528,0.615,0.417,0.579,0.502,0.446,0.535,0.585,0.639,0.588
202207310830,0.49,0.484,0.48,0.531,0.499,0.417,0.528,0.615,0.417,0.579,0.502,0.446,0.535,0.585,0.639,0.588
202207310900,0.49,0.484,0.48,0.531,0.499,0.417,0.528,0.615,0.417,0.579,0.502,0.446,0.535,0.585,0.639,0.588
202207310930,0.49,0.484,0.48,0.531,0.499,0.417,0.528,0.615,0.417,0.579,0.502,0.446,0.535,0.585,0.639,0.588
202207311000,0.49,0.484,0.48,0.531,0.499,0.417,0.528,0.615,0.417,0.579,0.502,0.446,0.535,0.585,0.639,0.588
202207311030,0.49,0.484,0.48,0.531,0.499,0.417,0.528,0.615,0.417,0.579,0.502,0.446,0.535,0.585,0.639,0.588
202207311100,0.49,0.484,0.48,0.531,0.499,0.417,0.528,0.615,0.417,0.579,0.502,0.446,0.535,0.585,0.639,0.588
202207311130,0.49,0.484,0.48,0.531,0.499,0.417,0.528,0.615,0.417,0.579,0.502,0.446,0.535,0.585,0.639,0.588
202207311200,0.49,0.484,0.48,0.531,0.499,0.417,0.528,0.615,0.417,0.579,0.502,0.446,0.535,0.585,0.639,0.588
202207311230,0.49,0.484,0.48,0.531,0.499,0.417,0.528,0.615,0.417,0.579,0.502,0.446,0.535,0.585,0.639,0.588
202207311300,0.49,0.484,0.48,0.531,0.499,0.417,0.528,0.615,0.417,0.579,0.502,0.446,0.535,0.585,0.639,0.588
202207311330,0.49,0.484,0.48,0.531,0.499,0.417,0.528,0.615,0.417,0.579,0.502,0.446,0.535,0.585,0.639,0.588
202207311400,0.49,0.484,0.48,0.531,0.499,0.417,0.528,0.615,0.417,0.579,0.502,0.446,0.535,0.585,0.639,0.588
202207311430,0.49,0.484,0.48,0.531,0.499,0.417,0.528,0.615,0.417,0.579,0.502,0.446,0.535,0.585,0.639,0.588
202207311500,0.49,0.484,0.48,0.531,0.499,0.417,0.528,0.615,0.417,0.579,0.502,0.446,0.535,0.585,0.639,0.588
202207311530,0.49,0.484,0.48,0.531,0.499,0.417,0.528,0.615,0.417,0.579,0.502,0.446,0.535,0.585,0.639,0.588
202207311600,0.49,0.484,0.48,0.531,0.499,0.417,0.528,0.615,0.417,0.579,0.502,0.446,0.535,0.585,0.639,0.588
202207311630,0.49,0.484,0.48,0.531,0.499,0.417,0.528,0.615,0.417,0.579,0.502,0.446,0.535,0.585,0.639,0.588
202207311700,0.49,0.484,0.48,0.531,0.499,0.417,0.528,0.615,0.417,0.579,0.502,0.446,0.535,0.585,0.639,0.588
202207311730,0.49,0.484,0.48,0.531,0.499,0.417,0.528,0.615,0.417,0.579,0.502,0.446,0.535,0.585,0.639,0.588
202207311800,0.49,0.484,0.48,0.531,0.499,0.417,0.528,0.615,0.417,0.579,0.502,0.446,0.535,0.585,0.639,0.588
202207311830,0.49,0.484,0.48,0.531,0.499,0.417,0.528,0.615,0.417,0.579,0.502,0.446,0.535,0.585,0.639,0.588
202207311900,0.49,0.484,0.48,0.531,0.499,0.417,0.528,0.615,0.417,0.579,0.502,0.446,0.535,0.585,0.639,0.588
202207311930,0.49,0.484,0.48,0.531,0.499,0.417,0.528,0.615,0.417,0.579,0.502,0.446,0.535,0.585,0.639,0.588
202207312000,0.49,0.484,0.48,0.531,0.499,0.417,0.528,0.615,0.417,0.579,0.502,0.446,0.535,0.585,0.639,0.588
202207312030,0.49,0.484,0.48,0.531,0.499,0.417,0.528,0.615,0.417,0.579,0.502,0.446,0.535,0.585,0.639,0.588
202207312100,0.49,0.484,0.48,0.531,0.499,0.417,0.528,0.615,0.417,0.579,0.502,0.446,0.535,0.585,0.639,0.588
202207312130,0.49,0.484,0.48,0.531,0.499,0.417,0.528,0.615,0.417,0.579,0.502,0.446,0.535,0.585,0.639,0.588
202207312200,0.49,0.484,0.48,0.531,0.499,0.417,0.528,0.615,0.417,0.579,0.502,0.446,0.535,0.585,0.639,0.588
202207312230,0.49,0.484,0.48,0.531,0.499,0.417,0.528,0.615,0.417,0.579,0.502,0.446,0.535,0.585,0.639,0.588
202207312300,0.49,0.484,0.48,0.531,0.499,0.417,0.528,0.615,0.417,0.579,0.502,0.446,0.535,0.585,0.639,0.588
202207312330,0.49,0.484,0.48,0.531,0.499,0.417,0.528,0.615,0.417,0.579,0.502,0.446,0.535,0.585,0.639,0.588
202208010000,0.49,0.484,0.48,0.531,0.499,0.417,0.528,0.615,0.417,0.579,0.502,0.446,0.535,0.585,0.639,0.588
202208010030,0.102,0.244,0.206,0.348,0.035,0.032,0.351,0.241,0.047,0.384,0.063,0.051,0.075,0.384,0.296,0.38
202208010100,0.102,0.244,0.206,0.348,0.035,0.032,0.351,0.241,0.047,0.384,0.063,0.051,0.075,0.384,0.296,0.38
202208010130,0.102,0.244,0.206,0.348,0.035,0.032,0.351,0.241,0.047,0.384,0.063,0.051,0.075,0.384,0.296,0.38
202208010200,0.102,0.244,0.206,0.348,0.035,0.032,0.351,0.241,0.047,0.384,0.063,0.051,0.075,0.384,0.296,0.38
202208010230,0.102,0.244,0.206,0.348,0.035,0.032,0.351,0.241,0.047,0.384,0.063,0.051,0.075,0.384,0.296,0.38
202208010300,0.102,0.244,0.206,0.348,0.035,0.032,0.351,0.241,0.047,0.384,0.063,0.051,0.075,0.384,0.296,0.38
202208010330,0.102,0.244,0.206,0.348,0.035,0.032,0.351,0.241,0.047,0.384,0.063,0.051,0.075,0.384,0.296,0.38
202208010400,0.102,0.244,0.206,0.348,0.035,0.032,0.351,0.241,0.047,0.384,0.063,0.051,0.075,0.384,0.296,0.38
202208010430,0.102,0.244,0.206,0.348,0.035,0.032,0.351,0.241,0.047,0.384,0.063,0.051,0.075,0.384,0.296,0.38
202208010500,0.102,0.244,0.206,0.348,0.035,0.032,0.351,0.241,0.047,0.384,0.063,0.051,0.075,0.384,0.296,0.38
202208010530,0.102,0.244,0.206,0.348,0.035,0.032,0.351,0.241,0.047,0.384,0.063,0.051,0.075,0.384,0.296,0.38
202208010600,0.102,0.244,0.206,0.348,0.035,0.032,0.351,0.241,0.047,0.384,0.063,0.051,0.075,0.384,0.296,0.38
202208010630,0.102,0.244,0.206,0.348,0.035,0.032,0.351,0.241,0.047,0.384,0.063,0.051,0.075,0.384,0.296,0.38
202208010700,0.102,0.244,0.206,0.348,0.035,0.032,0.351,0.241,0.047,0.384,0.063,0.051,0.075,0.384,0.296,0.38
202208010730,0.102,0.244,0.206,0.348,0.035,0.032,0.351,0.241,0.047,0.384,0.063,0.051,0.075,0.384,0.296,0.38
202208010800,0.102,0.244,0.206,0.348,0.035,0.032,0.351,0.241,0.047,0.384,0.063,0.051,0.075,0.384,0.296,0.38
202208010830,0.102,0.244,0.206,0.348,0.035,0.032,0.351,0.241,0.047,0.384,0.063,0.051,0.075,0.384,0.296,0.38
202208010900,0.102,0.244,0.206,0.348,0.035,0.032,0.351,0.241,0.047,0.384,0.063,0.051,0.075,0.384,0.296,0.38
202208010930,0.102,0.244,0.206,0.348,0.035,0.032,0.351,0.241,0.047,0.384,0.063,0.051,0.075,0.384,0.296,0.38
202208011000,0.102,0.244,0.206,0.348,0.035,0.032,0.351,0.241,0.047,0.384,0.063,0.051,0.075,0.384,0.296,0.38
202208011030,0.102,0.244,0.206,0.348,0.035,0.032,0.351,0.241,0.047,0.384,0.063,0.051,0.075,0.384,0.296,0.38
202208011100,0.102,0.244,0.206,0.348,0.035,0.032,0.351,0.241,0.047,0.384,0.063,0.051,0.075,0.384,0.296,0.38
202208011130,0.102,0.244,0.206,0.348,0.035,0.032,0.351,0.241,0.047,0.384,0.063,0.051,0.075,0.384,0.296,0.38
202208011200,0.102,0.244,0.206,0.348,0.035,0.032,0.351,0.241,0.047,0.384,0.063,0.051,0.075,0.384,0.296,0.38
202208011230,0.102,0.244,0.206,0.348,0.035,0.032,0.351,0.241,0.047,0.384,0.063,0.051,0.075,0.384,0.296,0.38
202208011300,0.102,0.244,0.206,0.348,0.035,0.032,0.351,0.241,0.047,0.384,0.063,0.051,0.075,0.384,0.296,0.38
202208011330,0.102,0.244,0.206,0.348,0.035,0.032,0.351,0.241,0.047,0.384,0.063,0.051,0.075,0.384,0.296,0.38
202208011400,0.102,0.244,0.206,0.348,0.035,0.032,0.351,0.241,0.047,0.384,0.063,0.051,0.075,0.384,0.296,0.38
202208011430,0.102,0.244,0.206,0.348,0.035,0.032,0.351,0.241,0.047,0.384,0.063,0.051,0.075,0.384,0.296,0.38
202208011500,0.102,0.244,0.206,0.348,0.035,0.032,0.351,0.241,0.047,0.384,0.063,0.051,0.075,0.384,0.296,0.38
202208011530,0.102,0.244,0.206,0.348,0.035,0.032,0.351,0.241,0.047,0.384,0.063,0.051,0.075,0.384,0.296,0.38
202208011600,0.102,0.244,0.206,0.348,0.035,0.032,0.351,0.241,0.047,0.384,0.063,0.051,0.075,0.384,0.296,0.38
202208011630,0.102,0.244,0.206,0.348,0.035,0.032,0.351,0.241,0.047,0.384,0.063,0.051,0.075,0.384,0.296,0.38
202208011700,0.102,0.244,0.206,0.348,0.035,0.032,0.351,0.241,0.047,0.384,0.063,0.051,0.075,0.384,0.296,0.38
202208011730,0.102,0.244,0.206,0.348,0.035,0.032,0.351,0.241,0.047,0.384,0.063,0.051,0.075,0.384,0.296,0.38
202208011800,0.102,0.244,0.206,0.348,0.035,0.032,0.351,0.241,0.047,0.384,0.063,0.051,0.075,0.384,0.296,0.38
202208011830,0.102,0.244,0.206,0.348,0.035,0.032,0.351,0.241,0.047,0.384,0.063,0.051,0.075,0.384,0.296,0.38
202208011900,0.102,0.244,0.206,0.348,0.035,0.032,0.351,0.241,0.047,0.384,0.063,0.051,0.075,0.384,0.296,0.38
202208011930,0.102,0.244,0.206,0.348,0.035,0.032,0.351,0.241,0.047,0.384,0.063,0.051,0.075,0.384,0.296,0.38
202208012000,0.102,0.244,0.206,0.348,0.035,0.032,0.351,0.241,0.047,0.384,0.063,0.051,0.075,0.384,0.296,0.38
202208012030,0.102,0.244,0.206,0.348,0.035,0.032,0.351,0.241,0.047,0.384,0.063,0.051,0.075,0.384,0.296,0.38
202208012100,0.102,0.244,0.206,0.348,0.035,0.032,0.351,0.241,0.047,0.384,0.063,0.051,0.075,0.384,0.296,0.38
202208012130,0.102,0.244,0.206,0.348,0.035,0.032,0.351,0.241,0.047,0.384,0.063,0.051,0.075,0.384,0.296,0.38
202208012200,0.102,0.244,0.206,0.348,0.035,0.032,0.351,0.241,0.047,0.384,0.063,0.051,0.075,0.384,0.296,0.38
202208012230,0.102,0.244,0.206,0.348,0.035,0.032,0.351,0.241,0.047,0.384,0.063,0.051,0.075,0.384,0.296,0.38
202208012300,0.102,0.244,0.206,0.348,0.035,0.032,0.351,0.241,0.047,0.384,0.063,0.051,0.075,0.384,0.296,0.38
202208012330,0.102,0.244,0.206,0.348,0.035,0.032,0.351,0.241,0.047,0.384,0.063,0.051,0.075,0.384,0.296,0.38
202208020000,0.102,0.244,0.206,0.348,0.035,0.032,0.351,0.241,0.047,0.384,0.063,0.051,0.075,0.384,0.296,0.38
202208020030,0.592,0.522,0.54,0.553,0.395,0.194,0.539,0.482,0.348,0.233,0.509,0.416,0.538,0.257,0.47,0.329
202208020100,0.592,0.522,0.54,0.553,0.395,0.194,0.539,0.482,0.348,0.233,0.509,0.416,0.538,0.257,0.47,0.329
202208020130,0.592,0.522,0.54,0.553,0.395,0.194,0.539,0.482,0.348,0.233,0.509,0.416,0.538,0.257,0.47,0.329
202208020200,0.592,0.522,0.54,0.553,0.395,0.194,0.539,0.482,0.348,0.233,0.509,0.416,0.538,0.257,0.47,0.329
202208020230,0.592,0.522,0.54,0.553,0.395,0.194,0.539,0.482,0.348,0.233,0.509,0.416,0.538,0.257,0.47,0.329
202208020300,0.592,0.522,0.54,0.553,0.395,0.194,0.539,0.482,0.348,0.233,0.509,0.416,0.538,0.257,0.47,0.329
202208020330,0.592,0.522,0.54,0.553,0.395,0.194,0.539,0.482,0.348,0.233,0.509,0.416,0.538,0.257,0.47,0.329
202208020400,0.592,0.522,0.54,0.553,0.395,0.194,0.539,0.482,0.348,0.233,0.509,0.416,0.538,0.257,0.47,0.329
202208020430,0.592,0.522,0.54,0.553,0.395,0.194,0.539,0.482,0.348,0.233,0.509,0.416,0.538,0.257,0.47,0.329
202208020500,0.592,0.522,0.54,0.553,0.395,0.194,0.539,0.482,0.348,0.233,0.509,0.416,0.538,0.257,0.47,0.329
202208020530,0.592,0.522,0.54,0.553,0.395,0.194,0.539,0.482,0.348,0.233,0.509,0.416,0.538,0.257,0.47,0.329
202208020600,0.592,0.522,0.54,0.553,0.395,0.194,0.539,0.482,0.348,0.233,0.509,0.416,0.538,0.257,0.47,0.329
202208020630,0.592,0.522,0.54,0.553,0.395,0.194,0.539,0.482,0.348,0.233,0.509,0.416,0.538,0.257,0.47,0.329
202208020700,0.592,0.522,0.54,0.553,0.395,0.194,0.539,0.482,0.348,0.233,0.509,0.416,0.538,0.257,0.47,0.329
202208020730,0.592,0.522,0.54,0.553,0.395,0.194,0.539,0.482,0.348,0.233,0.509,0.416,0.538,0.257,0.47,0.329
202208020800,0.592,0.522,0.54,0.553,0.395,0.194,0.539,0.482,0.348,0.233,0.509,0.416,0.538,0.257,0.47,0.329
202208020830,0.592,0.522,0.54,0.553,0.395,0.194,0.539,0.482,0.348,0.233,0.509,0.416,0.538,0.257,0.47,0.329
202208020900,0.592,0.522,0.54,0.553,0.395,0.194,0.539,0.482,0.348,0.233,0.509,0.416,0.538,0.257,0.47,0.329
202208020930,0.592,0.522,0.54,0.553,0.395,0.194,0.539,0.482,0.348,0.233,0.509,0.416,0.538,0.257,0.47,0.329
202208021000,0.592,0.522,0.54,0.553,0.395,0.194,0.539,0.482,0.348,0.233,0.509,0.416,0.538,0.257,0.47,0.329
202208021030,0.592,0.522,0.54,0.553,0.395,0.194,0.539,0.482,0.348,0.233,0.509,0.416,0.538,0.257,0.47,0.329
202208021100,0.592,0.522,0.54,0.553,0.395,0.194,0.539,0.482,0.348,0.233,0.509,0.416,0.538,0.257,0.47,0.329
202208021130,0.592,0.522,0.54,0.553,0.395,0.194,0.539,0.482,0.348,0.233,0.509,0.416,0.538,0.257,0.47,0.329
202208021200,0.592,0.522,0.54,0.553,0.395,0.194,0.539,0.482,0.348,0.233,0.509,0.416,0.538,0.257,0.47,0.329
202208021230,0.592,0.522,0.54,0.553,0.395,0.194,0.539,0.482,0.348,0.233,0.509,0.416,0.538,0.257,0.47,0.329
202208021300,0.592,0.522,0.54,0.553,0.395,0.194,0.539,0.482,0.348,0.233,0.509,0.416,0.538,0.257,0.47,0.329
202208021330,0.592,0.522,0.54,0.553,0.395,0.194,0.539,0.482,0.348,0.233,0.509,0.416,0.538,0.257,0.47,0.329
202208021400,0.592,0.522,0.54,0.553,0.395,0.194,0.539,0.482,0.348,0.233,0.509,0.416,0.538,0.257,0.47,0.329
202208021430,0.592,0.522,0.54,0.553,0.395,0.194,0.539,0.482,0.348,0.233,0.509,0.416,0.538,0.257,0.47,0.329
202208021500,0.592,0.522,0.54,0.553,0.395,0.194,0.539,0.482,0.348,0.233,0.509,0.416,0.538,0.257,0.47,0.329
202208021530,0.592,0.522,0.54,0.553,0.395,0.194,0.539,0.482,0.348,0.233,0.509,0.416,0.538,0.257,0.47,0.329
202208021600,0.592,0.522,0.54,0.553,0.395,0.194,0.539,0.482,0.348,0.233,0.509,0.416,0.538,0.257,0.47,0.329
202208021630,0.592,0.522,0.54,0.553,0.395,0.194,0.539,0.482,0.348,0.233,0.509,0.416,0.538,0.257,0.47,0.329
202208021700,0.592,0.522,0.54,0.553,0.395,0.194,0.539,0.482,0.348,0.233,0.509,0.416,0.538,0.257,0.47,0.329
202208021730,0.592,0.522,0.54,0.553,0.395,0.194,0.539,0.482,0.348,0.233,0.509,0.416,0.538,0.257,0.47,0.329
202208021800,0.592,0.522,0.54,0.553,0.395,0.194,0.539,0.482,0.348,0.233,0.509,0.416,0.538,0.257,0.47,0.329
202208021830,0.592,0.522,0.54,0.553,0.395,0.194,0.539,0.482,0.348,0.233,0.509,0.416,0.538,0.257,0.47,0.329
202208021900,0.592,0.522,0.54,0.553,0.395,0.194,0.539,0.482,0.348,0.233,0.509,0.416,0.538,0.257,0.47,0.329
202208021930,0.592,0.522,0.54,0.553,0.395,0.194,0.539,0.482,0.348,0.233,0.509,0.416,0.538,0.257,0.47,0.329
202208022000,0.592,0.522,0.54,0.553,0.395,0.194,0.539,0.482,0.348,0.233,0.509,0.416,0.538,0.257,0.47,0.329
202208022030,0.592,0.522,0.54,0.553,0.395,0.194,0.539,0.482,0.348,0.233,0.509,0.416,0.538,0.257,0.47,0.329
202208022100,0.592,0.522,0.54,0.553,0.395,0.194,0.539,0.482,0.348,0.233,0.509,0.416,0.538,0.257,0.47,0.329
202208022130,0.592,0.522,0.54,0.553,0.395,0.194,0.539,0.482,0.348,0.233,0.509,0.416,0.538,0.257,0.47,0.329
202208022200,0.592,0.522,0.54,0.553,0.395,0.194,0.539,0.482,0.348,0.233,0.509,0.416,0.538,0.257,0.47,0.329
202208022230,0.592,0.522,0.54,0.553,0.395,0.194,0.539,0.482,0.348,0.233,0.509,0.416,0.538,0.257,0.47,0.329
202208022300,0.592,0.522,0.54,0.553,0.395,0.194,0.539,0.482,0.348,0.233,0.509,0.416,0.538,0.257,0.47,0.329
202208022330,0.592,0.522,0.54,0.553,0.395,0.194,0.539,0.482,0.348,0.233,0.509,0.416,0.538,0.257,0.47,0.329
202208030000,0.592,0.522,0.54,0.553,0.395,0.194,0.539,0.482,0.348,0.233,0.509,0.416,0.538,0.257,0.47,0.329
202208030030,0.5,0.453,0.469,0.331,0.435,0.314,0.354,0.376,0.327,0.162,0.368,0.343,0.373,0.166,0.337,0.187
202208030100,0.5,0.453,0.469,0.331,0.435,0.314,0.354,0.376,0.327,0.162,0.368,0.343,0.373,0.166,0.337,0.187
202208030130,0.5,0.453,0.469,0.331,0.435,0.314,0.354,0.376,0.327,0.162,0.368,0.343,0.373,0.166,0.337,0.187
202208030200,0.5,0.453,0.469,0.331,0.435,0.314,0.354,0.376,0.327,0.162,0.368,0.343,0.373,0.166,0.337,0.187
202208030230,0.5,0.453,0.469,0.331,0.435,0.314,0.354,0.376,0.327,0.162,0.368,0.343,0.373,0.166,0.337,0.187
202208030300,0.5,0.453,0.469,0.331,0.435,0.314,0.354,0.376,0.327,0.162,0.368,0.343,0.373,0.166,0.337,0.187
202208030330,0.5,0.453,0.469,0.331,0.435,0.314,0.354,0.376,0.327,0.162,0.368,0.343,0.373,0.166,0.337,0.187
202208030400,0.5,0.453,0.469,0.331,0.435,0.314,0.354,0.376,0.327,0.162,0.368,0.343,0.373,0.166,0.337,0.187
202208030430,0.5,0.453,0.469,0.331,0.435,0.314,0.354,0.376,0.327,0.162,0.368,0.343,0.373,0.166,0.337,0.187
202208030500,0.5,0.453,0.469,0.331,0.435,0.314,0.354,0.376,0.327,0.162,0.368,0.343,0.373,0.166,0.337,0.187
202208030530,0.5,0.453,0.469,0.331,0.435,0.314,0.354,0.376,0.327,0.162,0.368,0.343,0.373,0.166,0.337,0.187
202208030600,0.5,0.453,0.469,0.331,0.435,0.314,0.354,0.376,0.327,0.162,0.368,0.343,0.373,0.166,0.337,0.187
202208030630,0.5,0.453,0.469,0.331,0.435,0.314,0.354,0.376,0.327,0.162,0.368,0.343,0.373,0.166,0.337,0.187
202208030700,0.5,0.453,0.469,0.331,0.435,0.314,0.354,0.376,0.327,0.162,0.368,0.343,0.373,0.166,0.337,0.187
202208030730,0.5,0.453,0.469,0.331,0.435,0.314,0.354,0.376,0.327,0.162,0.368,0.343,0.373,0.166,0.337,0.187
202208030800,0.5,0.453,0.469,0.331,0.435,0.314,0.354,0.376,0.327,0.162,0.368,0.343,0.373,0.166,0.337,0.187
202208030830,0.5,0.453,0.469,0.331,0.435,0.314,0.354,0.376,0.327,0.162,0.368,0.343,0.373,0.166,0.337,0.187
202208030900,0.5,0.453,0.469,0.331,0.435,0.314,0.354,0.376,0.327,0.162,0.368,0.343,0.373,0.166,0.337,0.187
202208030930,0.5,0.453,0.469,0.331,0.435,0.314,0.354,0.376,0.327,0.162,0.368,0.343,0.373,0.166,0.337,0.187
202208031000,0.5,0.453,0.469,0.331,0.435,0.314,0.354,0.376,0.327,0.162,0.368,0.343,0.373,0.166,0.337,0.187
202208031030,0.5,0.453,0.469,0.331,0.435,0.314,0.354,0.376,0.327,0.162,0.368,0.343,0.373,0.166,0.337,0.187
202208031100,0.5,0.453,0.469,0.331,0.435,0.314,0.354,0.376,0.327,0.162,0.368,0.343,0.373,0.166,0.337,0.187
202208031130,0.5,0.453,0.469,0.331,0.435,0.314,0.354,0.376,0.327,0.162,0.368,0.343,0.373,0.166,0.337,0.187
202208031200,0.5,0.453,0.469,0.331,0.435,0.314,0.354,0.376,0.327,0.162,0.368,0.343,0.373,0.166,0.337,0.187
202208031230,0.5,0.453,0.469,0.331,0.435,0.314,0.354,0.376,0.327,0.162,0.368,0.343,0.373,0.166,0.337,0.187
202208031300,0.5,0.453,0.469,0.331,0.435,0.314,0.354,0.376,0.327,0.162,0.368,0.343,0.373,0.166,0.337,0.187
202208031330,0.5,0.453,0.469,0.331,0.435,0.314,0.354,0.376,0.327,0.162,0.368,0.343,0.373,0.166,0.337,0.187
202208031400,0.5,0.453,0.469,0.331,0.435,0.314,0.354,0.376,0.327,0.162,0.368,0.343,0.373,0.166,0.337,0.187
202208031430,0.5,0.453,0.469,0.331,0.435,0.314,0.354,0.376,0.327,0.162,0.368,0.343,0.373,0.166,0.337,0.187
202208031500,0.5,0.453,0.469,0.331,0.435,0.314,0.354,0.376,0.327,0.162,0.368,0.343,0.373,0.166,0.337,0.187
202208031530,0.5,0.453,0.469,0.331,0.435,0.314,0.354,0.376,0.327,0.162,0.368,0.343,0.373,0.166,0.337,0.187
202208031600,0.5,0.453,0.469,0.331,0.435,0.314,0.354,0.376,0.327,0.162,0.368,0.343,0.373,0.166,0.337,0.187
202208031630,0.5,0.453,0.469,0.331,0.435,0.314,0.354,0.376,0.327,0.162,0.368,0.343,0.373,0.166,0.337,0.187
202208031700,0.5,0.453,0.469,0.331,0.435,0.314,0.354,0.376,0.327,0.162,0.368,0.343,0.373,0.166,0.337,0.187
202208031730,0.5,0.453,0.469,0.331,0.435,0.314,0.354,0.376,0.327,0.162,0.368,0.343,0.373,0.166,0.337,0.187
202208031800,0.5,0.453,0.469,0.331,0.435,0.314,0.354,0.376,0.327,0.162,0.368,0.343,0.373,0.166,0.337,0.187
202208031830,0.5,0.453,0.469,0.331,0.435,0.314,0.354,0.376,0.327,0.162,0.368,0.343,0.373,0.166,0.337,0.187
202208031900,0.5,0.453,0.469,0.331,0.435,0.314,0.354,0.376,0.327,0.162,0.368,0.343,0.373,0.166,0.337,0.187
202208031930,0.5,0.453,0.469,0.331,0.435,0.314,0.354,0.376,0.327,0.162,0.368,0.343,0.373,0.166,0.337,0.187
202208032000,0.5,0.453,0.469,0.331,0.435,0.314,0.354,0.376,0.327,0.162,0.368,0.343,0.373,0.166,0.337,0.187
202208032030,0.5,0.453,0.469,0.331,0.435,0.314,0.354,0.376,0.327,0.162,0.368,0.343,0.373,0.166,0.337,0.187
202208032100,0.5,0.453,0.469,0.331,0.435,0.314,0.354,0.376,0.327,0.162,0.368,0.343,0.373,0.166,0.337,0.187
202208032130,0.5,0.453,0.469,0.331,0.435,0.314,0.354,0.376,0.327,0.162,0.368,0.343,0.373,0.166,0.337,0.187
202208032200,0.5,0.453,0.469,0.331,0.435,0.314,0.354,0.376,0.327,0.162,0.368,0.343,0.373,0.166,0.337,0.187
202208032230,0.5,0.453,0.469,0.331,0.435,0.314,0.354,0.376,0.327,0.162,0.368,0.343,0.373,0.166,0.337,0.187
202208032300,0.5,0.453,0.469,0.331,0.435,0.314,0.354,0.376,0.327,0.162,0.368,0.343,0.373,0.166,0.337,0.187
202208032330,0.5,0.453,0.469,0.331,0.435,0.314,0.354,0.376,0.327,0.162,0.368,0.343,0.373,0.166,0.337,0.187
202208040000,0.5,0.453,0.469,0.331,0.435,0.314,0.354,0.376,0.327,0.162,0.368,0.343,0.373,0.166,0.337,0.187
202208040030,0.671,0.794,0.772,0.704,0.483,0.47,0.742,0.823,0.585,0.225,0.623,0.594,0.629,0.231,0.795,0.28
202208040100,0.671,0.794,0.772,0.704,0.483,0.47,0.742,0.823,0.585,0.225,0.623,0.594,0.629,0.231,0.795,0.28
202208040130,0.671,0.794,0.772,0.704,0.483,0.47,0.742,0.823,0.585,0.225,0.623,0.594,0.629,0.231,0.795,0.28
202208040200,0.671,0.794,0.772,0.704,0.483,0.47,0.742,0.823,0.585,0.225,0.623,0.594,0.629,0.231,0.795,0.28
202208040230,0.671,0.794,0.772,0.704,0.483,0.47,0.742,0.823,0.585,0.225,0.623,0.594,0.629,0.231,0.795,0.28
202208040300,0.671,0.794,0.772,0.704,0.483,0.47,0.742,0.823,0.585,0.225,0.623,0.594,0.629,0.231,0.795,0.28
202208040330,0.671,0.794,0.772,0.704,0.483,0.47,0.742,0.823,0.585,0.225,0.623,0.594,0.629,0.231,0.795,0.28
202208040400,0.671,0.794,0.772,0.704,0.483,0.47,0.742,0.823,0.585,0.225,0.623,0.594,0.629,0.231,0.795,0.28
202208040430,0.671,0.794,0.772,0.704,0.483,0.47,0.742,0.823,0.585,0.225,0.623,0.594,0.629,0.231,0.795,0.28
202208040500,0.671,0.794,0.772,0.704,0.483,0.47,0.742,0.823,0.585,0.225,0.623,0.594,0.629,0.231,0.795,0.28
202208040530,0.671,0.794,0.772,0.704,0.483,0.47,0.742,0.823,0.585,0.225,0.623,0.594,0.629,0.231,0.795,0.28
202208040600,0.671,0.794,0.772,0.704,0.483,0.47,0.742,0.823,0.585,0.225,0.623,0.594,0.629,0.231,0.795,0.28
202208040630,0.671,0.794,0.772,0.704,0.483,0.47,0.742,0.823,0.585,0.225,0.623,0.594,0.629,0.231,0.795,0.28
202208040700,0.671,0.794,0.772,0.704,0.483,0.47,0.742,0.823,0.585,0.225,0.623,0.594,0.629,0.231,0.795,0.28
202208040730,0.671,0.794,0.772,0.704,0.483,0.47,0.742,0.823,0.585,0.225,0.623,0.594,0.629,0.231,0.795,0.28
202208040800,0.671,0.794,0.772,0.704,0.483,0.47,0.742,0.823,0.585,0.225,0.623,0.594,0.629,0.231,0.795,0.28
202208040830,0.671,0.794,0.772,0.704,0.483,0.47,0.742,0.823,0.585,0.225,0.623,0.594,0.629,0.231,0.795,0.28
202208040900,0.671,0.794,0.772,0.704,0.483,0.47,0.742,0.823,0.585,0.225,0.623,0.594,0.629,0.231,0.795,0.28
202208040930,0.671,0.794,0.772,0.704,0.483,0.47,0.742,0.823,0.585,0.225,0.623,0.594,0.629,0.231,0.795,0.28
202208041000,0.671,0.794,0.772,0.704,0.483,0.47,0.742,0.823,0.585,0.225,0.623,0.594,0.629,0.231,0.795,0.28
202208041030,0.671,0.794,0.772,0.704,0.483,0.47,0.742,0.823,0.585,0.225,0.623,0.594,0.629,0.231,0.795,0.28
202208041100,0.671,0.794,0.772,0.704,0.483,0.47,0.742,0.823,0.585,0.225,0.623,0.594,0.629,0.231,0.795,0.28
202208041130,0.671,0.794,0.772,0.704,0.483,0.47,0.742,0.823,0.585,0.225,0.623,0.594,0.629,0.231,0.795,0.28
202208041200,0.671,0.794,0.772,0.704,0.483,0.47,0.742,0.823,0.585,0.225,0.623,0.594,0.629,0.231,0.795,0.28
202208041230,0.671,0.794,0.772,0.704,0.483,0.47,0.742,0.823,0.585,0.225,0.623,0.594,0.629,0.231,0.795,0.28
202208041300,0.671,0.794,0.772,0.704,0.483,0.47,0.742,0.823,0.585,0.225,0.623,0.594,0.629,0.231,0.795,0.28
202208041330,0.671,0.794,0.772,0.704,0.483,0.47,0.742,0.823,0.585,0.225,0.623,0.594,0.629,0.231,0.795,0.28
202208041400,0.671,0.794,0.772,0.704,0.483,0.47,0.742,0.823,0.585,0.225,0.623,0.594,0.629,0.231,0.795,0.28
202208041430,0.671,0.794,0.772,0.704,0.483,0.47,0.742,0.823,0.585,0.225,0.623,0.594,0.629,0.231,0.795,0.28
202208041500,0.671,0.794,0.772,0.704,0.483,0.47,0.742,0.823,0.585,0.225,0.623,0.594,0.629,0.231,0.795,0.28
202208041530,0.671,0.794,0.772,0.704,0.483,0.47,0.742,0.823,0.585,0.225,0.623,0.594,0.629,0.231,0.795,0.28
202208041600,0.671,0.794,0.772,0.704,0.483,0.47,0.742,0.823,0.585,0.225,0.623,0.594,0.629,0.231,0.795,0.28
202208041630,0.671,0.794,0.772,0.704,0.483,0.47,0.742,0.823,0.585,0.225,0.623,0.594,0.629,0.231,0.795,0.28
202208041700,0.671,0.794,0.772,0.704,0.483,0.47,0.742,0.823,0.585,0.225,0.623,0.594,0.629,0.231,0.795,0.28
202208041730,0.671,0.794,0.772,0.704,0.483,0.47,0.742,0.823,0.585,0.225,0.623,0.594,0.629,0.231,0.795,0.28
202208041800,0.671,0.794,0.772,0.704,0.483,0.47,0.742,0.823,0.585,0.225,0.623,0.594,0.629,0.231,0.795,0.28
202208041830,0.671,0.794,0.772,0.704,0.483,0.47,0.742,0.823,0.585,0.225,0.623,0.594,0.629,0.231,0.795,0.28
202208041900,0.671,0.794,0.772,0.704,0.483,0.47,0.742,0.823,0.585,0.225,0.623,0.594,0.629,0.231,0.795,0.28
202208041930,0.671,0.794,0.772,0.704,0.483,0.47,0.742,0.823,0.585,0.225,0.623,0.594,0.629,0.231,0.795,0.28
202208042000,0.671,0.794,0.772,0.704,0.483,0.47,0.742,0.823,0.585,0.225,0.623,0.594,0.629,0.231,0.795,0.28
202208042030,0.671,0.794,0.772,0.704,0.483,0.47,0.742,0.823,0.585,0.225,0.623,0.594,0.629,0.231,0.795,0.28
202208042100,0.671,0.794,0.772,0.704,0.483,0.47,0.742,0.823,0.585,0.225,0.623,0.594,0.629,0.231,0.795,0.28
202208042130,0.671,0.794,0.772,0.704,0.483,0.47,0.742,0.823,0.585,0.225,0.623,0.594,0.629,0.231,0.795,0.28
202208042200,0.671,0.794,0.772,0.704,0.483,0.47,0.742,0.823,0.585,0.225,0.623,0.594,0.629,0.231,0.795,0.28
202208042230,0.671,0.794,0.772,0.704,0.483,0.47,0.742,0.823,0.585,0.225,0.623,0.594,0.629,0.231,0.795,0.28
202208042300,0.671,0.794,0.772,0.704,0.483,0.47,0.742,0.823,0.585,0.225,0.623,0.594,0.629,0.231,0.795,0.28
202208042330,0.671,0.794,0.772,0.704,0.483,0.47,0.742,0.823,0.585,0.225,0.623,0.594,0.629,0.231,0.795,0.28
202208050000,0.671,0.794,0.772,0.704,0.483,0.47,0.742,0.823,0.585,0.225,0.623,0.594,0.629,0.231,0.795,0.28
202208050030,0.635,0.475,0.511,0.355,0.912,0.915,0.365,0.372,0.948,0.389,0.765,0.894,0.693,0.392,0.318,0.397
202208050100,0.635,0.475,0.511,0.355,0.912,0.915,0.365,0.372,0.948,0.389,0.765,0.894,0.693,0.392,0.318,0.397
202208050130,0.635,0.475,0.511,0.355,0.912,0.915,0.365,0.372,0.948,0.389,0.765,0.894,0.693,0.392,0.318,0.397
202208050200,0.635,0.475,0.511,0.355,0.912,0.915,0.365,0.372,0.948,0.389,0.765,0.894,0.693,0.392,0.318,0.397
202208050230,0.635,0.475,0.511,0.355,0.912,0.915,0.365,0.372,0.948,0.389,0.765,0.894,0.693,0.392,0.318,0.397
202208050300,0.635,0.475,0.511,0.355,0.912,0.915,0.365,0.372,0.948,0.389,0.765,0.894,0.693,0.392,0.318,0.397
202208050330,0.635,0.475,0.511,0.355,0.912,0.915,0.365,0.372,0.948,0.389,0.765,0.894,0.693,0.392,0.318,0.397
202208050400,0.635,0.475,0.511,0.355,0.912,0.915,0.365,0.372,0.948,0.389,0.765,0.894,0.693,0.392,0.318,0.397
202208050430,0.635,0.475,0.511,0.355,0.912,0.915,0.365,0.372,0.948,0.389,0.765,0.894,0.693,0.392,0.318,0.397
202208050500,0.635,0.475,0.511,0.355,0.912,0.915,0.365,0.372,0.948,0.389,0.765,0.894,0.693,0.392,0.318,0.397
202208050530,0.635,0.475,0.511,0.355,0.912,0.915,0.365,0.372,0.948,0.389,0.765,0.894,0.693,0.392,0.318,0.397
202208050600,0.635,0.475,0.511,0.355,0.912,0.915,0.365,0.372,0.948,0.389,0.765,0.894,0.693,0.392,0.318,0.397
202208050630,0.635,0.475,0.511,0.355,0.912,0.915,0.365,0.372,0.948,0.389,0.765,0.894,0.693,0.392,0.318,0.397
202208050700,0.635,0.475,0.511,0.355,0.912,0.915,0.365,0.372,0.948,0.389,0.765,0.894,0.693,0.392,0.318,0.397
202208050730,0.635,0.475,0.511,0.355,0.912,0.915,0.365,0.372,0.948,0.389,0.765,0.894,0.693,0.392,0.318,0.397
202208050800,0.635,0.475,0.511,0.355,0.912,0.915,0.365,0.372,0.948,0.389,0.765,0.894,0.693,0.392,0.318,0.397
202208050830,0.635,0.475,0.511,0.355,0.912,0.915,0.365,0.372,0.948,0.389,0.765,0.894,0.693,0.392,0.318,0.397
202208050900,0.635,0.475,0.511,0.355,0.912,0.915,0.365,0.372,0.948,0.389,0.765,0.894,0.693,0.392,0.318,0.397
202208050930,0.635,0.475,0.511,0.355,0.912,0.915,0.365,0.372,0.948,0.389,0.765,0.894,0.693,0.392,0.318,0.397
202208051000,0.635,0.475,0.511,0.355,0.912,0.915,0.365,0.372,0.948,0.389,0.765,0.894,0.693,0.392,0.318,0.397
202208051030,0.635,0.475,0.511,0.355,0.912,0.915,0.365,0.372,0.948,0.389,0.765,0.894,0.693,0.392,0.318,0.397
202208051100,0.635,0.475,0.511,0.355,0.912,0.915,0.365,0.372,0.948,0.389,0.765,0.894,0.693,0.392,0.318,0.397
202208051130,0.635,0.475,0.511,0.355,0.912,0.915,0.365,0.372,0.948,0.389,0.765,0.894,0.693,0.392,0.318,0.397
202208051200,0.635,0.475,0.511,0.355,0.912,0.915,0.365,0.372,0.948,0.389,0.765,0.894,0.693,0.392,0.318,0.397
202208051230,0.635,0.475,0.511,0.355,0.912,0.915,0.365,0.372,0.948,0.389,0.765,0.894,0.693,0.392,0.318,0.397
202208051300,0.635,0.475,0.511,0.355,0.912,0.915,0.365,0.372,0.948,0.389,0.765,0.894,0.693,0.392,0.318,0.397
202208051330,0.635,0.475,0.511,0.355,0.912,0.915,0.365,0.372,0.948,0.389,0.765,0.894,0.693,0.392,0.318,0.397
202208051400,0.635,0.475,0.511,0.355,0.912,0.915,0.365,0.372,0.948,0.389,0.765,0.894,0.693,0.392,0.318,0.397
202208051430,0.635,0.475,0.511,0.355,0.912,0.915,0.365,0.372,0.948,0.389,0.765,0.894,0.693,0.392,0.318,0.397
202208051500,0.635,0.475,0.511,0.355,0.912,0.915,0.365,0.372,0.948,0.389,0.765,0.894,0.693,0.392,0.318,0.397
202208051530,0.635,0.475,0.511,0.355,0.912,0.915,0.365,0.372,0.948,0.389,0.765,0.894,0.693,0.392,0.318,0.397
202208051600,0.635,0.475,0.511,0.355,0.912,0.915,0.365,0.372,0.948,0.389,0.765,0.894,0.693,0.392,0.318,0.397
202208051630,0.635,0.475,0.511,0.355,0.912,0.915,0.365,0.372,0.948,0.389,0.765,0.894,0.693,0.392,0.318,0.397
202208051700,0.635,0.475,0.511,0.355,0.912,0.915,0.365,0.372,0.948,0.389,0.765,0.894,0.693,0.392,0.318,0.397
202208051730,0.635,0.475,0.511,0.355,0.912,0.915,0.365,0.372,0.948,0.389,0.765,0.894,0.693,0.392,0.318,0.397
202208051800,0.635,0.475,0.511,0.355,0.912,0.915,0.365,0.372,0.948,0.389,0.765,0.894,0.693,0.392,0.318,0.397
202208051830,0.635,0.475,0.511,0.355,0.912,0.915,0.365,0.372,0.948,0.389,0.765,0.894,0.693,0.392,0.318,0.397
202208051900,0.635,0.475,0.511,0.355,0.912,0.915,0.365,0.372,0.948,0.389,0.765,0.894,0.693,0.392,0.318,0.397
202208051930,0.635,0.475,0.511,0.355,0.912,0.915,0.365,0.372,0.948,0.389,0.765,0.894,0.693,0.392,0.318,0.397
202208052000,0.635,0.475,0.511,0.355,0.912,0.915,0.365,0.372,0.948,0.389,0.765,0.894,0.693,0.392,0.318,0.397
202208052030,0.635,0.475,0.511,0.355,0.912,0.915,0.365,0.372,0.948,0.389,0.765,0.894,0.693,0.392,0.318,0.397
202208052100,0.635,0.475,0.511,0.355,0.912,0.915,0.365,0.372,0.948,0.389,0.765,0.894,0.693,0.392,0.318,0.397
202208052130,0.635,0.475,0.511,0.355,0.912,0.915,0.365,0.372,0.948,0.389,0.765,0.894,0.693,0.392,0.318,0.397
202208052200,0.635,0.475,0.511,0.355,0.912,0.915,0.365,0.372,0.948,0.389,0.765,0.894,0.693,0.392,0.318,0.397
202208052230,0.635,0.475,0.511,0.355,0.912,0.915,0.365,0.372,0.948,0.389,0.765,0.894,0.693,0.392,0.318,0.397
202208052300,0.635,0.475,0.511,0.355,0.912,0.915,0.365,0.372,0.948,0.389,0.765,0.894,0.693,0.392,0.318,0.397
202208052330,0.635,0.475,0.511,0.355,0.912,0.915,0.365,0.372,0.948,0.389,0.765,0.894,0.693,0.392,0.318,0.397
202208060000,0.635,0.475,0.511,0.355,0.912,0.915,0.365,0.372,0.948,0.389,0.765,0.894,0.693,0.392,0.318,0.397
202208060030,0.329,0.431,0.399,0.781,0.362,0.457,0.711,0.644,0.486,1.158,0.454,0.453,0.476,1.197,0.844,1.254
202208060100,0.329,0.431,0.399,0.781,0.362,0.457,0.711,0.644,0.486,1.158,0.454,0.453,0.476,1.197,0.844,1.254
202208060130,0.329,0.431,0.399,0.781,0.362,0.457,0.711,0.644,0.486,1.158,0.454,0.453,0.476,1.197,0.844,1.254
202208060200,0.329,0.431,0.399,0.781,0.362,0.457,0.711,0.644,0.486,1.158,0.454,0.453,0.476,1.197,0.844,1.254
202208060230,0.329,0.431,0.399,0.781,0.362,0.457,0.711,0.644,0.486,1.158,0.454,0.453,0.476,1.197,0.844,1.254
202208060300,0.329,0.431,0.399,0.781,0.362,0.457,0.711,0.644,0.486,1.158,0.454,0.453,0.476,1.197,0.844,1.254
202208060330,0.329,0.431,0.399,0.781,0.362,0.457,0.711,0.644,0.486,1.158,0.454,0.453,0.476,1.197,0.844,1.254
202208060400,0.329,0.431,0.399,0.781,0.362,0.457,0.711,0.644,0.486,1.158,0.454,0.453,0.476,1.197,0.844,1.254
202208060430,0.329,0.431,0.399,0.781,0.362,0.457,0.711,0.644,0.486,1.158,0.454,0.453,0.476,1.197,0.844,1.254
202208060500,0.329,0.431,0.399,0.781,0.362,0.457,0.711,0.644,0.486,1.158,0.454,0.453,0.476,1.197,0.844,1.254
202208060530,0.329,0.431,0.399,0.781,0.362,0.457,0.711,0.644,0.486,1.158,0.454,0.453,0.476,1.197,0.844,1.254
202208060600,0.329,0.431,0.399,0.781,0.362,0.457,0.711,0.644,0.486,1.158,0.454,0.453,0.476,1.197,0.844,1.254
202208060630,0.329,0.431,0.399,0.781,0.362,0.457,0.711,0.644,0.486,1.158,0.454,0.453,0.476,1.197,0.844,1.254
202208060700,0.329,0.431,0.399,0.781,0.362,0.457,0.711,0.644,0.486,1.158,0.454,0.453,0.476,1.197,0.844,1.254
202208060730,0.329,0.431,0.399,0.781,0.362,0.457,0.711,0.644,0.486,1.158,0.454,0.453,0.476,1.197,0.844,1.254
202208060800,0.329,0.431,0.399,0.781,0.362,0.457,0.711,0.644,0.486,1.158,0.454,0.453,0.476,1.197,0.844,1.254
202208060830,0.329,0.431,0.399,0.781,0.362,0.457,0.711,0.644,0.486,1.158,0.454,0.453,0.476,1.197,0.844,1.254
202208060900,0.329,0.431,0.399,0.781,0.362,0.457,0.711,0.644,0.486,1.158,0.454,0.453,0.476,1.197,0.844,1.254
202208060930,0.329,0.431,0.399,0.781,0.362,0.457,0.711,0.644,0.486,1.158,0.454,0.453,0.476,1.197,0.844,1.254
202208061000,0.329,0.431,0.399,0.781,0.362,0.457,0.711,0.644,0.486,1.158,0.454,0.453,0.476,1.197,0.844,1.254
202208061030,0.329,0.431,0.399,0.781,0.362,0.457,0.711,0.644,0.486,1.158,0.454,0.453,0.476,1.197,0.844,1.254
202208061100,0.329,0.431,0.399,0.781,0.362,0.457,0.711,0.644,0.486,1.158,0.454,0.453,0.476,1.197,0.844,1.254
202208061130,0.329,0.431,0.399,0.781,0.362,0.457,0.711,0.644,0.486,1.158,0.454,0.453,0.476,1.197,0.844,1.254
202208061200,0.329,0.431,0.399,0.781,0.362,0.457,0.711,0.644,0.486,1.158,0.454,0.453,0.476,1.197,0.844,1.254
202208061230,0.329,0.431,0.399,0.781,0.362,0.457,0.711,0.644,0.486,1.158,0.454,0.453,0.476,1.197,0.844,1.254
202208061300,0.329,0.431,0.399,0.781,0.362,0.457,0.711,0.644,0.486,1.158,0.454,0.453,0.476,1.197,0.844,1.254
202208061330,0.329,0.431,0.399,0.781,0.362,0.457,0.711,0.644,0.486,1.158,0.454,0.453,0.476,1.197,0.844,1.254
202208061400,0.329,0.431,0.399,0.781,0.362,0.457,0.711,0.644,0.486,1.158,0.454,0.453,0.476,1.197,0.844,1.254
202208061430,0.329,0.431,0.399,0.781,0.362,0.457,0.711,0.644,0.486,1.158,0.454,0.453,0.476,1.197,0.844,1.254
202208061500,0.329,0.431,0.399,0.781,0.362,0.457,0.711,0.644,0.486,1.158,0.454,0.453,0.476,1.197,0.844,1.254
202208061530,0.329,0.431,0.399,0.781,0.362,0.457,0.711,0.644,0.486,1.158,0.454,0.453,0.476,1.197,0.844,1.254
202208061600,0.329,0.431,0.399,0.781,0.362,0.457,0.711,0.644,0.486,1.158,0.454,0.453,0.476,1.197,0.844,1.254
202208061630,0.329,0.431,0.399,0.781,0.362,0.457,0.711,0.644,0.486,1.158,0.454,0.453,0.476,1.197,0.844,1.254
202208061700,0.329,0.431,0.399,0.781,0.362,0.457,0.711,0.644,0.486,1.158,0.454,0.453,0.476,1.197,0.844,1.254
202208061730,0.329,0.431,0.399,0.781,0.362,0.457,0.711,0.644,0.486,1.158,0.454,0.453,0.476,1.197,0.844,1.254
202208061800,0.329,0.431,0.399,0.781,0.362,0.457,0.711,0.644,0.486,1.158,0.454,0.453,0.476,1.197,0.844,1.254
202208061830,0.329,0.431,0.399,0.781,0.362,0.457,0.711,0.644,0.486,1.158,0.454,0.453,0.476,1.197,0.844,1.254
202208061900,0.329,0.431,0.399,0.781,0.362,0.457,0.711,0.644,0.486,1.158,0.454,0.453,0.476,1.197,0.844,1.254
202208061930,0.329,0.431,0.399,0.781,0.362,0.457,0.711,0.644,0.486,1.158,0.454,0.453,0.476,1.197,0.844,1.254
202208062000,0.329,0.431,0.399,0.781,0.362,0.457,0.711,0.644,0.486,1.158,0.454,0.453,0.476,1.197,0.844,1.254
202208062030,0.329,0.431,0.399,0.781,0.362,0.457,0.711,0.644,0.486,1.158,0.454,0.453,0.476,1.197,0.844,1.254
202208062100,0.329,0.431,0.399,0.781,0.362,0.457,0.711,0.644,0.486,1.158,0.454,0.453,0.476,1.197,0.844,1.254
202208062130,0.329,0.431,0.399,0.781,0.362,0.457,0.711,0.644,0.486,1.158,0.454,0.453,0.476,1.197,0.844,1.254
202208062200,0.329,0.431,0.399,0.781,0.362,0.457,0.711,0.644,0.486,1.158,0.454,0.453,0.476,1.197,0.844,1.254
202208062230,0.329,0.431,0.399,0.781,0.362,0.457,0.711,0.644,0.486,1.158,0.454,0.453,0.476,1.197,0.844,1.254
202208062300,0.329,0.431,0.399,0.781,0.362,0.457,0.711,0.644,0.486,1.158,0.454,0.453,0.476,1.197,0.844,1.254
202208062330,0.329,0.431,0.399,0.781,0.362,0.457,0.711,0.644,0.486,1.158,0.454,0.453,0.476,1.197,0.844,1.254
202208070000,0.329,0.431,0.399,0.781,0.362,0.457,0.711,0.644,0.486,1.158,0.454,0.453,0.476,1.197,0.844,1.254
202208070030,0.435,0.515,0.502,0.527,0.287,0.25,0.529,0.515,0.35,0.607,0.383,0.364,0.389,0.606,0.522,0.586
202208070100,0.435,0.515,0.502,0.527,0.287,0.25,0.529,0.515,0.35,0.607,0.383,0.364,0.389,0.606,0.522,0.586
202208070130,0.435,0.515,0.502,0.527,0.287,0.25,0.529,0.515,0.35,0.607,0.383,0.364,0.389,0.606,0.522,0.586
202208070200,0.435,0.515,0.502,0.527,0.287,0.25,0.529,0.515,0.35,0.607,0.383,0.364,0.389,0.606,0.522,0.586
202208070230,0.435,0.515,0.502,0.527,0.287,0.25,0.529,0.515,0.35,0.607,0.383,0.364,0.389,0.606,0.522,0.586
202208070300,0.435,0.515,0.502,0.527,0.287,0.25,0.529,0.515,0.35,0.607,0.383,0.364,0.389,0.606,0.522,0.586
202208070330,0.435,0.515,0.502,0.527,0.287,0.25,0.529,0.515,0.35,0.607,0.383,0.364,0.389,0.606,0.522,0.586
202208070400,0.435,0.515,0.502,0.527,0.287,0.25,0.529,0.515,0.35,0.607,0.383,0.364,0.389,0.606,0.522,0.586
202208070430,0.435,0.515,0.502,0.527,0.287,0.25,0.529,0.515,0.35,0.607,0.383,0.364,0.389,0.606,0.522,0.586
202208070500,0.435,0.515,0.502,0.527,0.287,0.25,0.529,0.515,0.35,0.607,0.383,0.364,0.389,0.606,0.522,0.586
202208070530,0.435,0.515,0.502,0.527,0.287,0.25,0.529,0.515,0.35,0.607,0.383,0.364,0.389,0.606,0.522,0.586
202208070600,0.435,0.515,0.502,0.527,0.287,0.25,0.529,0.515,0.35,0.607,0.383,0.364,0.389,0.606,0.522,0.586
202208070630,0.435,0.515,0.502,0.527,0.287,0.25,0.529,0.515,0.35,0.607,0.383,0.364,0.389,0.606,0.522,0.586
202208070700,0.435,0.515,0.502,0.527,0.287,0.25,0.529,0.515,0.35,0.607,0.383,0.364,0.389,0.606,0.522,0.586
202208070730,0.435,0.515,0.502,0.527,0.287,0.25,0.529,0.515,0.35,0.607,0.383,0.364,0.389,0.606,0.522,0.586
202208070800,0.435,0.515,0.502,0.527,0.287,0.25,0.529,0.515,0.35,0.607,0.383,0.364,0.389,0.606,0.522,0.586
202208070830,0.435,0.515,0.502,0.527,0.287,0.25,0.529,0.515,0.35,0.607,0.383,0.364,0.389,0.606,0.522,0.586
202208070900,0.435,0.515,0.502,0.527,0.287,0.25,0.529,0.515,0.35,0.607,0.383,0.364,0.389,0.606,0.522,0.586
202208070930,0.435,0.515,0.502,0.527,0.287,0.25,0.529,0.515,0.35,0.607,0.383,0.364,0.389,0.606,0.522,0.586
202208071000,0.435,0.515,0.502,0.527,0.287,0.25,0.529,0.515,0.35,0.607,0.383,0.364,0.389,0.606,0.522,0.586
202208071030,0.435,0.515,0.502,0.527,0.287,0.25,0.529,0.515,0.35,0.607,0.383,0.364,0.389,0.606,0.522,0.586
202208071100,0.435,0.515,0.502,0.527,0.287,0.25,0.529,0.515,0.35,0.607,0.383,0.364,0.389,0.606,0.522,0.586
202208071130,0.435,0.515,0.502,0.527,0.287,0.25,0.529,0.515,0.35,0.607,0.383,0.364,0.389,0.606,0.522,0.586
202208071200,0.435,0.515,0.502,0.527,0.287,0.25,0.529,0.515,0.35,0.607,0.383,0.364,0.389,0.606,0.522,0.586
202208071230,0.435,0.515,0.502,0.527,0.287,0.25,0.529,0.515,0.35,0.607,0.383,0.364,0.389,0.606,0.522,0.586
202208071300,0.435,0.515,0.502,0.527,0.287,0.25,0.529,0.515,0.35,0.607,0.383,0.364,0.389,0.606,0.522,0.586
202208071330,0.435,0.515,0.502,0.527,0.287,0.25,0.529,0.515,0.35,0.607,0.383,0.364,0.389,0.606,0.522,0.586
202208071400,0.435,0.515,0.502,0.527,0.287,0.25,0.529,0.515,0.35,0.607,0.383,0.364,0.389,0.606,0.522,0.586
202208071430,0.435,0.515,0.502,0.527,0.287,0.25,0.529,0.515,0.35,0.607,0.383,0.364,0.389,0.606,0.522,0.586
202208071500,0.435,0.515,0.502,0.527,0.287,0.25,0.529,0.515,0.35,0.607,0.383,0.364,0.389,0.606,0.522,0.586
202208071530,0.435,0.515,0.502,0.527,0.287,0.25,0.529,0.515,0.35,0.607,0.383,0.364,0.389,0.606,0.522,0.586
202208071600,0.435,0.515,0.502,0.527,0.287,0.25,0.529,0.515,0.35,0.607,0.383,0.364,0.389,0.606,0.522,0.586
202208071630,0.435,0.515,0.502,0.527,0.287,0.25,0.529,0.515,0.35,0.607,0.383,0.364,0.389,0.606,0.522,0.586
202208071700,0.435,0.515,0.502,0.527,0.287,0.25,0.529,0.515,0.35,0.607,0.383,0.364,0.389,0.606,0.522,0.586
202208071730,0.435,0.515,0.502,0.527,0.287,0.25,0.529,0.515,0.35,0.607,0.383,0.364,0.389,0.606,0.522,0.586
202208071800,0.435,0.515,0.502,0.527,0.287,0.25,0.529,0.515,0.35,0.607,0.383,0.364,0.389,0.606,0.522,0.586
202208071830,0.435,0.515,0.502,0.527,0.287,0.25,0.529,0.515,0.35,0.607,0.383,0.364,0.389,0.606,0.522,0.586
202208071900,0.435,0.515,0.502,0.527,0.287,0.25,0.529,0.515,0.35,0.607,0.383,0.364,0.389,0.606,0.522,0.586
202208071930,0.435,0.515,0.502,0.527,0.287,0.25,0.529,0.515,0.35,0.607,0.383,0.364,0.389,0.606,0.522,0.586
202208072000,0.435,0.515,0.502,0.527,0.287,0.25,0.529,0.515,0.35,0.607,0.383,0.364,0.389,0.606,0.522,0.586
202208072030,0.435,0.515,0.502,0.527,0.287,0.25,0.529,0.515,0.35,0.607,0.383,0.364,0.389,0.606,0.522,0.586
202208072100,0.435,0.515,0.502,0.527,0.287,0.25,0.529,0.515,0.35,0.607,0.383,0.364,0.389,0.606,0.522,0.586
202208072130,0.435,0.515,0.502,0.527,0.287,0.25,0.529,0.515,0.35,0.607,0.383,0.364,0.389,0.606,0.522,0.586
202208072200,0.435,0.515,0.502,0.527,0.287,0.25,0.529,0.515,0.35,0.607,0.383,0.364,0.389,0.606,0.522,0.586
202208072230,0.435,0.515,0.502,0.527,0.287,0.25,0.529,0.515,0.35,0.607,0.383,0.364,0.389,0.606,0.522,0.586
202208072300,0.435,0.515,0.502,0.527,0.287,0.25,0.529,0.515,0.35,0.607,0.383,0.364,0.389,0.606,0.522,0.586
202208072330,0.435,0.515,0.502,0.527,0.287,0.25,0.529,0.515,0.35,0.607,0.383,0.364,0.389,0.606,0.522,0.586
202208080000,0.435,0.515,0.502,0.527,0.287,0.25,0.529,0.515,0.35,0.607,0.383,0.364,0.389,0.606,0.522,0.586
202208080030,0.564,0.379,0.424,0.21,0.682,0.718,0.23,0.341,0.582,0.2,0.557,0.57,0.551,0.206,0.271,0.212
202208080100,0.564,0.379,0.424,0.21,0.682,0.718,0.23,0.341,0.582,0.2,0.557,0.57,0.551,0.206,0.271,0.212
202208080130,0.564,0.379,0.424,0.21,0.682,0.718,0.23,0.341,0.582,0.2,0.557,0.57,0.551,0.206,0.271,0.212
202208080200,0.564,0.379,0.424,0.21,0.682,0.718,0.23,0.341,0.582,0.2,0.557,0.57,0.551,0.206,0.271,0.212
202208080230,0.564,0.379,0.424,0.21,0.682,0.718,0.23,0.341,0.582,0.2,0.557,0.57,0.551,0.206,0.271,0.212
202208080300,0.564,0.379,0.424,0.21,0.682,0.718,0.23,0.341,0.582,0.2,0.557,0.57,0.551,0.206,0.271,0.212
202208080330,0.564,0.379,0.424,0.21,0.682,0.718,0.23,0.341,0.582,0.2,0.557,0.57,0.551,0.206,0.271,0.212
202208080400,0.564,0.379,0.424,0.21,0.682,0.718,0.23,0.341,0.582,0.2,0.557,0.57,0.551,0.206,0.271,0.212
202208080430,0.564,0.379,0.424,0.21,0.682,0.718,0.23,0.341,0.582,0.2,0.557,0.57,0.551,0.206,0.271,0.212
202208080500,0.564,0.379,0.424,0.21,0.682,0.718,0.23,0.341,0.582,0.2,0.557,0.57,0.551,0.206,0.271,0.212
202208080530,0.564,0.379,0.424,0.21,0.682,0.718,0.23,0.341,0.582,0.2,0.557,0.57,0.551,0.206,0.271,0.212
202208080600,0.564,0.379,0.424,0.21,0.682,0.718,0.23,0.341,0.582,0.2,0.557,0.57,0.551,0.206,0.271,0.212
202208080630,0.564,0.379,0.424,0.21,0.682,0.718,0.23,0.341,0.582,0.2,0.557,0.57,0.551,0.206,0.271,0.212
202208080700,0.564,0.379,0.424,0.21,0.682,0.718,0.23,0.341,0.582,0.2,0.557,0.57,0.551,0.206,0.271,0.212
202208080730,0.564,0.379,0.424,0.21,0.682,0.718,0.23,0.341,0.582,0.2,0.557,0.57,0.551,0.206,0.271,0.212
202208080800,0.564,0.379,0.424,0.21,0.682,0.718,0.23,0.341,0.582,0.2,0.557,0.57,0.551,0.206,0.271,0.212
202208080830,0.564,0.379,0.424,0.21,0.682,0.718,0.23,0.341,0.582,0.2,0.557,0.57,0.551,0.206,0.271,0.212
202208080900,0.564,0.379,0.424,0.21,0.682,0.718,0.23,0.341,0.582,0.2,0.557,0.57,0.551,0.206,0.271,0.212
202208080930,0.564,0.379,0.424,0.21,0.682,0.718,0.23,0.341,0.582,0.2,0.557,0.57,0.551,0.206,0.271,0.212
202208081000,0.564,0.379,0.424,0.21,0.682,0.718,0.23,0.341,0.582,0.2,0.557,0.57,0.551,0.206,0.271,0.212
202208081030,0.564,0.379,0.424,0.21,0.682,0.718,0.23,0.341,0.582,0.2,0.557,0.57,0.551,0.206,0.271,0.212
202208081100,0.564,0.379,0.424,0.21,0.682,0.718,0.23,0.341,0.582,0.2,0.557,0.57,0.551,0.206,0.271,0.212
202208081130,0.564,0.379,0.424,0.21,0.682,0.718,0.23,0.341,0.582,0.2,0.557,0.57,0.551,0.206,0.271,0.212
202208081200,0.564,0.379,0.424,0.21,0.682,0.718,0.23,0.341,0.582,0.2,0.557,0.57,0.551,0.206,0.271,0.212
202208081230,0.564,0.379,0.424,0.21,0.682,0.718,0.23,0.341,0.582,0.2,0.557,0.57,0.551,0.206,0.271,0.212
202208081300,0.564,0.379,0.424,0.21,0.682,0.718,0.23,0.341,0.582,0.2,0.557,0.57,0.551,0.206,0.271,0.212
202208081330,0.564,0.379,0.424,0.21,0.682,0.718,0.23,0.341,0.582,0.2,0.557,0.57,0.551,0.206,0.271,0.212
202208081400,0.564,0.379,0.424,0.21,0.682,0.718,0.23,0.341,0.582,0.2,0.557,0.57,0.551,0.206,0.271,0.212
202208081430,0.564,0.379,0.424,0.21,0.682,0.718,0.23,0.341,0.582,0.2,0.557,0.57,0.551,0.206,0.271,0.212
202208081500,0.564,0.379,0.424,0.21,0.682,0.718,0.23,0.341,0.582,0.2,0.557,0.57,0.551,0.206,0.271,0.212
202208081530,0.564,0.379,0.424,0.21,0.682,0.718,0.23,0.341,0.582,0.2,0.557,0.57,0.551,0.206,0.271,0.212
202208081600,0.564,0.379,0.424,0.21,0.682,0.718,0.23,0.341,0.582,0.2,0.557,0.57,0.551,0.206,0.271,0.212
202208081630,0.564,0.379,0.424,0.21,0.682,0.718,0.23,0.341,0.582,0.2,0.557,0.57,0.551,0.206,0.271,0.212
202208081700,0.564,0.379,0.424,0.21,0.682,0.718,0.23,0.341,0.582,0.2,0.557,0.57,0.551,0.206,0.271,0.212
202208081730,0.564,0.379,0.424,0.21,0.682,0.718,0.23,0.341,0.582,0.2,0.557,0.57,0.551,0.206,0.271,0.212
202208081800,0.564,0.379,0.424,0.21,0.682,0.718,0.23,0.341,0.582,0.2,0.557,0.57,0.551,0.206,0.271,0.212
202208081830,0.564,0.379,0.424,0.21,0.682,0.718,0.23,0.341,0.582,0.2,0.557,0.57,0.551,0.206,0.271,0.212
202208081900,0.564,0.379,0.424,0.21,0.682,0.718,0.23,0.341,0.582,0.2,0.557,0.57,0.551,0.206,0.271,0.212
202208081930,0.564,0.379,0.424,0.21,0.682,0.718,0.23,0.341,0.582,0.2,0.557,0.57,0.551,0.206,0.271,0.212
202208082000,0.564,0.379,0.424,0.21,0.682,0.718,0.23,0.341,0.582,0.2,0.557,0.57,0.551,0.206,0.271,0.212
202208082030,0.564,0.379,0.424,0.21,0.682,0.718,0.23,0.341,0.582,0.2,0.557,0.57,0.551,0.206,0.271,0.212
202208082100,0.564,0.379,0.424,0.21,0.682,0.718,0.23,0.341,0.582,0.2,0.557,0.57,0.551,0.206,0.271,0.212
202208082130,0.564,0.379,0.424,0.21,0.682,0.718,0.23,0.341,0.582,0.2,0.557,0.57,0.551,0.206,0.271,0.212
202208082200,0.564,0.379,0.424,0.21,0.682,0.718,0.23,0.341,0.582,0.2,0.557,0.57,0.551,0.206,0.271,0.212
202208082230,0.564,0.379,0.424,0.21,0.682,0.718,0.23,0.341,0.582,0.2,0.557,0.57,0.551,0.206,0.271,0.212
202208082300,0.564,0.379,0.424,0.21,0.682,0.718,0.23,0.341,0.582,0.2,0.557,0.57,0.551,0.206,0.271,0.212
202208082330,0.564,0.379,0.424,0.21,0.682,0.718,0.23,0.341,0.582,0.2,0.557,0.57,0.551,0.206,0.271,0.212
202208090000,0.564,0.379,0.424,0.21,0.682,0.718,0.23,0.341,0.582,0.2,0.557,0.57,0.551,0.206,0.271,0.212
202208090030,1.003,0.68,0.742,0.49,2.082,2.183,0.513,0.542,1.952,0.433,1.301,1.696,1.173,0.439,0.45,0.443
202208090100,1.003,0.68,0.742,0.49,2.082,2.183,0.513,0.542,1.952,0.433,1.301,1.696,1.173,0.439,0.45,0.443
202208090130,1.003,0.68,0.742,0.49,2.082,2.183,0.513,0.542,1.952,0.433,1.301,1.696,1.173,0.439,0.45,0.443
202208090200,1.003,0.68,0.742,0.49,2.082,2.183,0.513,0.542,1.952,0.433,1.301,1.696,1.173,0.439,0.45,0.443
202208090230,1.003,0.68,0.742,0.49,2.082,2.183,0.513,0.542,1.952,0.433,1.301,1.696,1.173,0.439,0.45,0.443
202208090300,1.003,0.68,0.742,0.49,2.082,2.183,0.513,0.542,1.952,0.433,1.301,1.696,1.173,0.439,0.45,0.443
202208090330,1.003,0.68,0.742,0.49,2.082,2.183,0.513,0.542,1.952,0.433,1.301,1.696,1.173,0.439,0.45,0.443
202208090400,1.003,0.68,0.742,0.49,2.082,2.183,0.513,0.542,1.952,0.433,1.301,1.696,1.173,0.439,0.45,0.443
202208090430,1.003,0.68,0.742,0.49,2.082,2.183,0.513,0.542,1.952,0.433,1.301,1.696,1.173,0.439,0.45,0.443
202208090500,1.003,0.68,0.742,0.49,2.082,2.183,0.513,0.542,1.952,0.433,1.301,1.696,1.173,0.439,0.45,0.443
202208090530,1.003,0.68,0.742,0.49,2.082,2.183,0.513,0.542,1.952,0.433,1.301,1.696,1.173,0.439,0.45,0.443
202208090600,1.003,0.68,0.742,0.49,2.082,2.183,0.513,0.542,1.952,0.433,1.301,1.696,1.173,0.439,0.45,0.443
202208090630,1.003,0.68,0.742,0.49,2.082,2.183,0.513,0.542,1.952,0.433,1.301,1.696,1.173,0.439,0.45,0.443
202208090700,1.003,0.68,0.742,0.49,2.082,2.183,0.513,0.542,1.952,0.433,1.301,1.696,1.173,0.439,0.45,0.443
202208090730,1.003,0.68,0.742,0.49,2.082,2.183,0.513,0.542,1.952,0.433,1.301,1.696,1.173,0.439,0.45,0.443
202208090800,1.003,0.68,0.742,0.49,2.082,2.183,0.513,0.542,1.952,0.433,1.301,1.696,1.173,0.439,0.45,0.443
202208090830,1.003,0.68,0.742,0.49,2.082,2.183,0.513,0.542,1.952,0.433,1.301,1.696,1.173,0.439,0.45,0.443
202208090900,1.003,0.68,0.742,0.49,2.082,2.183,0.513,0.542,1.952,0.433,1.301,1.696,1.173,0.439,0.45,0.443
202208090930,1.003,0.68,0.742,0.49,2.082,2.183,0.513,0.542,1.952,0.433,1.301,1.696,1.173,0.439,0.45,0.443
202208091000,1.003,0.68,0.742,0.49,2.082,2.183,0.513,0.542,1.952,0.433,1.301,1.696,1.173,0.439,0.45,0.443
202208091030,1.003,0.68,0.742,0.49,2.082,2.183,0.513,0.542,1.952,0.433,1.301,1.696,1.173,0.439,0.45,0.443
202208091100,1.003,0.68,0.742,0.49,2.082,2.183,0.513,0.542,1.952,0.433,1.301,1.696,1.173,0.439,0.45,0.443
202208091130,1.003,0.68,0.742,0.49,2.082,2.183,0.513,0.542,1.952,0.433,1.301,1.696,1.173,0.439,0.45,0.443
202208091200,1.003,0.68,0.742,0.49,2.082,2.183,0.513,0.542,1.952,0.433,1.301,1.696,1.173,0.439,0.45,0.443
202208091230,1.003,0.68,0.742,0.49,2.082,2.183,0.513,0.542,1.952,0.433,1.301,1.696,1.173,0.439,0.45,0.443
202208091300,1.003,0.68,0.742,0.49,2.082,2.183,0.513,0.542,1.952,0.433,1.301,1.696,1.173,0.439,0.45,0.443
202208091330,1.003,0.68,0.742,0.49,2.082,2.183,0.513,0.542,1.952,0.433,1.301,1.696,1.173,0.439,0.45,0.443
202208091400,1.003,0.68,0.742,0.49,2.082,2.183,0.513,0.542,1.952,0.433,1.301,1.696,1.173,0.439,0.45,0.443
202208091430,1.003,0.68,0.742,0.49,2.082,2.183,0.513,0.542,1.952,0.433,1.301,1.696,1.173,0.439,0.45,0.443
202208091500,1.003,0.68,0.742,0.49,2.082,2.183,0.513,0.542,1.952,0.433,1.301,1.696,1.173,0.439,0.45,0.443
202208091530,1.003,0.68,0.742,0.49,2.082,2.183,0.513,0.542,1.952,0.433,1.301,1.696,1.173,0.439,0.45,0.443
202208091600,1.003,0.68,0.742,0.49,2.082,2.183,0.513,0.542,1.952,0.433,1.301,1.696,1.173,0.439,0.45,0.443
202208091630,1.003,0.68,0.742,0.49,2.082,2.183,0.513,0.542,1.952,0.433,1.301,1.696,1.173,0.439,0.45,0.443
202208091700,1.003,0.68,0.742,0.49,2.082,2.183,0.513,0.542,1.952,0.433,1.301,1.696,1.173,0.439,0.45,0.443
202208091730,1.003,0.68,0.742,0.49,2.082,2.183,0.513,0.542,1.952,0.433,1.301,1.696,1.173,0.439,0.45,0.443
202208091800,1.003,0.68,0.742,0.49,2.082,2.183,0.513,0.542,1.952,0.433,1.301,1.696,1.173,0.439,0.45,0.443
202208091830,1.003,0.68,0.742,0.49,2.082,2.183,0.513,0.542,1.952,0.433,1.301,1.696,1.173,0.439,0.45,0.443
202208091900,1.003,0.68,0.742,0.49,2.082,2.183,0.513,0.542,1.952,0.433,1.301,1.696,1.173,0.439,0.45,0.443
202208091930,1.003,0.68,0.742,0.49,2.082,2.183,0.513,0.542,1.952,0.433,1.301,1.696,1.173,0.439,0.45,0.443
202208092000,1.003,0.68,0.742,0.49,2.082,2.183,0.513,0.542,1.952,0.433,1.301,1.696,1.173,0.439,0.45,0.443
202208092030,1.003,0.68,0.742,0.49,2.082,2.183,0.513,0.542,1.952,0.433,1.301,1.696,1.173,0.439,0.45,0.443
202208092100,1.003,0.68,0.742,0.49,2.082,2.183,0.513,0.542,1.952,0.433,1.301,1.696,1.173,0.439,0.45,0.443
202208092130,1.003,0.68,0.742,0.49,2.082,2.183,0.513,0.542,1.952,0.433,1.301,1.696,1.173,0.439,0.45,0.443
202208092200,1.003,0.68,0.742,0.49,2.082,2.183,0.513,0.542,1.952,0.433,1.301,1.696,1.173,0.439,0.45,0.443
202208092230,1.003,0.68,0.742,0.49,2.082,2.183,0.513,0.542,1.952,0.433,1.301,1.696,1.173,0.439,0.45,0.443
202208092300,1.003,0.68,0.742,0.49,2.082,2.183,0.513,0.542,1.952,0.433,1.301,1.696,1.173,0.439,0.45,0.443
202208092330,1.003,0.68,0.742,0.49,2.082,2.183,0.513,0.542,1.952,0.433,1.301,1.696,1.173,0.439,0.45,0.443
202208100000,1.003,0.68,0.742,0.49,2.082,2.183,0.513,0.542,1.952,0.433,1.301,1.696,1.173,0.439,0.45,0.443
202208100030,0.438,0.494,0.483,0.448,0.422,0.42,0.47,0.433,0.525,0.336,0.431,0.495,0.404,0.33,0.432,0.321
202208100100,0.438,0.494,0.483,0.448,0.422,0.42,0.47,0.433,0.525,0.336,0.431,0.495,0.404,0.33,0.432,0.321
202208100130,0.438,0.494,0.483,0.448,0.422,0.42,0.47,0.433,0.525,0.336,0.431,0.495,0.404,0.33,0.432,0.321
202208100200,0.438,0.494,0.483,0.448,0.422,0.42,0.47,0.433,0.525,0.336,0.431,0.495,0.404,0.33,0.432,0.321
202208100230,0.438,0.494,0.483,0.448,0.422,0.42,0.47,0.433,0.525,0.336,0.431,0.495,0.404,0.33,0.432,0.321
202208100300,0.438,0.494,0.483,0.448,0.422,0.42,0.47,0.433,0.525,0.336,0.431,0.495,0.404,0.33,0.432,0.321
202208100330,0.438,0.494,0.483,0.448,0.422,0.42,0.47,0.433,0.525,0.336,0.431,0.495,0.404,0.33,0.432,0.321
202208100400,0.438,0.494,0.483,0.448,0.422,0.42,0.47,0.433,0.525,0.336,0.431,0.495,0.404,0.33,0.432,0.321
202208100430,0.438,0.494,0.483,0.448,0.422,0.42,0.47,0.433,0.525,0.336,0.431,0.495,0.404,0.33,0.432,0.321
202208100500,0.438,0.494,0.483,0.448,0.422,0.42,0.47,0.433,0.525,0.336,0.431,0.495,0.404,0.33,0.432,0.321
202208100530,0.438,0.494,0.483,0.448,0.422,0.42,0.47,0.433,0.525,0.336,0.431,0.495,0.404,0.33,0.432,0.321
202208100600,0.438,0.494,0.483,0.448,0.422,0.42,0.47,0.433,0.525,0.336,0.431,0.495,0.404,0.33,0.432,0.321
202208100630,0.438,0.494,0.483,0.448,0.422,0.42,0.47,0.433,0.525,0.336,0.431,0.495,0.404,0.33,0.432,0.321
202208100700,0.438,0.494,0.483,0.448,0.422,0.42,0.47,0.433,0.525,0.336,0.431,0.495,0.404,0.33,0.432,0.321
202208100730,0.438,0.494,0.483,0.448,0.422,0.42,0.47,0.433,0.525,0.336,0.431,0.495,0.404,0.33,0.432,0.321
202208100800,0.438,0.494,0.483,0.448,0.422,0.42,0.47,0.433,0.525,0.336,0.431,0.495,0.404,0.33,0.432,0.321
202208100830,0.438,0.494,0.483,0.448,0.422,0.42,0.47,0.433,0.525,0.336,0.431,0.495,0.404,0.33,0.432,0.321
202208100900,0.438,0.494,0.483,0.448,0.422,0.42,0.47,0.433,0.525,0.336,0.431,0.495,0.404,0.33,0.432,0.321
202208100930,0.438,0.494,0.483,0.448,0.422,0.42,0.47,0.433,0.525,0.336,0.431,0.495,0.404,0.33,0.432,0.321
202208101000,0.438,0.494,0.483,0.448,0.422,0.42,0.47,0.433,0.525,0.336,0.431,0.495,0.404,0.33,0.432,0.321
202208101030,0.438,0.494,0.483,0.448,0.422,0.42,0.47,0.433,0.525,0.336,0.431,0.495,0.404,0.33,0.432,0.321
202208101100,0.438,0.494,0.483,0.448,0.422,0.42,0.47,0.433,0.525,0.336,0.431,0.495,0.404,0.33,0.432,0.321
202208101130,0.438,0.494,0.483,0.448,0.422,0.42,0.47,0.433,0.525,0.336,0.431,0.495,0.404,0.33,0.432,0.321
202208101200,0.438,0.494,0.483,0.448,0.422,0.42,0.47,0.433,0.525,0.336,0.431,0.495,0.404,0.33,0.432,0.321
202208101230,0.438,0.494,0.483,0.448,0.422,0.42,0.47,0.433,0.525,0.336,0.431,0.495,0.404,0.33,0.432,0.321
202208101300,0.438,0.494,0.483,0.448,0.422,0.42,0.47,0.433,0.525,0.336,0.431,0.495,0.404,0.33,0.432,0.321
202208101330,0.438,0.494,0.483,0.448,0.422,0.42,0.47,0.433,0.525,0.336,0.431,0.495,0.404,0.33,0.432,0.321
202208101400,0.438,0.494,0.483,0.448,0.422,0.42,0.47,0.433,0.525,0.336,0.431,0.495,0.404,0.33,0.432,0.321
202208101430,0.438,0.494,0.483,0.448,0.422,0.42,0.47,0.433,0.525,0.336,0.431,0.495,0.404,0.33,0.432,0.321
202208101500,0.438,0.494,0.483,0.448,0.422,0.42,0.47,0.433,0.525,0.336,0.431,0.495,0.404,0.33,0.432,0.321
202208101530,0.438,0.494,0.483,0.448,0.422,0.42,0.47,0.433,0.525,0.336,0.431,0.495,0.404,0.33,0.432,0.321
202208101600,0.438,0.494,0.483,0.448,0.422,0.42,0.47,0.433,0.525,0.336,0.431,0.495,0.404,0.33,0.432,0.321
202208101630,0.438,0.494,0.483,0.448,0.422,0.42,0.47,0.433,0.525,0.336,0.431,0.495,0.404,0.33,0.432,0.321
202208101700,0.438,0.494,0.483,0.448,0.422,0.42,0.47,0.433,0.525,0.336,0.431,0.495,0.404,0.33,0.432,0.321
202208101730,0.438,0.494,0.483,0.448,0.422,0.42,0.47,0.433,0.525,0.336,0.431,0.495,0.404,0.33,0.432,0.321
202208101800,0.438,0.494,0.483,0.448,0.422,0.42,0.47,0.433,0.525,0.336,0.431,0.495,0.404,0.33,0.432,0.321
202208101830,0.438,0.494,0.483,0.448,0.422,0.42,0.47,0.433,0.525,0.336,0.431,0.495,0.404,0.33,0.432,0.321
202208101900,0.438,0.494,0.483,0.448,0.422,0.42,0.47,0.433,0.525,0.336,0.431,0.495,0.404,0.33,0.432,0.321
202208101930,0.438,0.494,0.483,0.448,0.422,0.42,0.47,0.433,0.525,0.336,0.431,0.495,0.404,0.33,0.432,0.321
202208102000,0.438,0.494,0.483,0.448,0.422,0.42,0.47,0.433,0.525,0.336,0.431,0.495,0.404,0.33,0.432,0.321
202208102030,0.438,0.494,0.483,0.448,0.422,0.42,0.47,0.433,0.525,0.336,0.431,0.495,0.404,0.33,0.432,0.321
202208102100,0.438,0.494,0.483,0.448,0.422,0.42,0.47,0.433,0.525,0.336,0.431,0.495,0.404,0.33,0.432,0.321
202208102130,0.438,0.494,0.483,0.448,0.422,0.42,0.47,0.433,0.525,0.336,0.431,0.495,0.404,0.33,0.432,0.321
202208102200,0.438,0.494,0.483,0.448,0.422,0.42,0.47,0.433,0.525,0.336,0.431,0.495,0.404,0.33,0.432,0.321
202208102230,0.438,0.494,0.483,0.448,0.422,0.42,0.47,0.433,0.525,0.336,0.431,0.495,0.404,0.33,0.432,0.321
202208102300,0.438,0.494,0.483,0.448,0.422,0.42,0.47,0.433,0.525,0.336,0.431,0.495,0.404,0.33,0.432,0.321
202208102330,0.438,0.494,0.483,0.448,0.422,0.42,0.47,0.433,0.525,0.336,0.431,0.495,0.404,0.33,0.432,0.321
202208110000,0.438,0.494,0.483,0.448,0.422,0.42,0.47,0.433,0.525,0.336,0.431,0.495,0.404,0.33,0.432,0.321
